ticker,Name,Par,CoupRt,Freq,Maturity,Date,YrsTMat,Close Price,成交量(张)_TrdVol
G170009,17附息国债09,100,3.32,0,1,2018/1/31,0.254795,100,605990
G170017,17附息国债17,100,3.33,0,1,2018/1/31,0.50411,99.9,100120
G170024,17附息国债24,100,3.54,0,1,2018/1/31,0.753425,100,15000
G160012,16附息国债12,100,2.51,1,2,2018/1/31,0.29589,99.72,70000
G150004,15附息国债04,100,3.22,1,3,2018/1/31,0.147945,100,200190
G150012,15附息国债12,100,2.73,1,3,2018/1/31,0.358904,99.72,200390
G150022,15附息国债22,100,2.92,1,3,2018/1/31,0.646575,99.65,96450
G170007,17附息国债07,100,3.13,1,5,2018/1/31,4.19726,96.68,22080
G170014,17附息国债14,100,3.47,1,5,2018/1/31,4.446575,97.95,11070
G140013,14附息国债13,100,4.02,1,7,2018/1/31,3.419178,100.19,40
G120015,12国债15,100,3.39,2,10,2018/1/31,4.558904,97.53,222350
G130011,13附息国债11,100,3.38,2,10,2018/1/31,5.306849,97.56,1180
G170010,17附息国债10,100,3.52,2,10,2018/1/31,9.254795,96,460
G170018,17附息国债18,100,3.59,2,10,2018/1/31,9.50411,96.8,2060
G170025,17附息国债25,100,3.82,2,10,2018/1/31,9.753425,98.93,7370
G150008,15附息国债08,100,4.09,2,20,2018/1/31,17.235616,95.33,3230
G150021,15附息国债21,100,3.74,2,20,2018/1/31,17.641096,90,10540
G130019,13附息国债19,100,4.76,2,30,2018/1/31,25.624658,110.89,1200
G150017,15附息国债17,100,3.94,2,30,2018/1/31,27.484932,90.9,3880
G160008,16附息国债08,100,3.52,2,30,2018/1/31,28.230137,83.66,9380
G160019,16附息国债19,100,3.27,2,30,2018/1/31,28.556164,79.71,168340
G170015,17附息国债15,100,4.05,2,30,2018/1/31,29.476712,94.69,100490
G150010,15附息国债10,100,3.99,2,50,2018/1/31,47.312329,92.19,340
G150028,15附息国债28,100,3.89,2,50,2018/1/31,47.810959,89.5,430
G160013,16附息国债13,100,3.7,2,50,2018/1/31,48.306849,85.8,1510
G170009,17附息国债09,100,3.32,0,1,2018/2/28,0.178082,100.06,513120
G170017,17附息国债17,100,3.33,0,1,2018/2/28,0.427397,100.09,43060
G160012,16附息国债12,100,2.51,1,2,2018/2/28,0.219178,99.93,130070
G150022,15附息国债22,100,2.92,1,3,2018/2/28,0.569863,99.93,50
G170007,17附息国债07,100,3.13,1,5,2018/2/28,4.120548,97.18,7240
G170014,17附息国债14,100,3.47,1,5,2018/2/28,4.369863,98.41,3530
G150014,15附息国债14,100,3.3,1,7,2018/2/28,4.358904,98.5,300
G160006,16附息国债06,100,2.75,1,7,2018/2/28,5.046575,95.1,160
G130011,13附息国债11,100,3.38,2,10,2018/2/28,5.230137,98.29,630
G140021,14附息国债21,100,4.13,2,10,2018/2/28,6.554211,100.33,500
G150008,15附息国债08,100,4.09,2,20,2018/2/28,17.158904,97.47,2550
G150021,15附息国债21,100,3.74,2,20,2018/2/28,17.564384,94.3,5470
G130019,13附息国债19,100,4.76,2,30,2018/2/28,25.547945,108.5,10
G150017,15附息国债17,100,3.94,2,30,2018/2/28,27.408219,93.7,10390
G160008,16附息国债08,100,3.52,2,30,2018/2/28,28.153425,86.16,47880
G160019,16附息国债19,100,3.27,2,30,2018/2/28,28.479452,82.16,133070
G170015,17附息国债15,100,4.05,2,30,2018/2/28,29.4,96.1,122560
G150028,15附息国债28,100,3.89,2,50,2018/2/28,47.734247,92,50
G160013,16附息国债13,100,3.7,2,50,2018/2/28,48.230137,88.13,9050
G170009,17附息国债09,100,3.32,0,1,2018/3/30,0.09589,100,750510
G170017,17附息国债17,100,3.33,0,1,2018/3/30,0.345205,100,21380
G180003,18附息国债03,100,3.38,0,1,2018/3/30,0.843836,100.04,64000
G160012,16附息国债12,100,2.51,1,2,2018/3/30,0.136986,99.88,48000
G130013,13附息国债13,100,3.09,1,5,2018/3/30,0.167123,100.05,5200
G130011,13附息国债11,100,3.38,2,10,2018/3/30,5.147945,98.76,190
G160004,16附息国债04,100,2.85,2,10,2018/3/30,7.832877,94.39,10
G170010,17附息国债10,100,3.52,2,10,2018/3/30,9.09589,97.78,4000
G150008,15附息国债08,100,4.09,2,20,2018/3/30,17.076712,99,1080
G150021,15附息国债21,100,3.74,2,20,2018/3/30,17.482192,95.61,240
G150017,15附息国债17,100,3.94,2,30,2018/3/30,27.326027,95.15,1200
G160008,16附息国债08,100,3.52,2,30,2018/3/30,28.071233,87.73,5410
G160019,16附息国债19,100,3.27,2,30,2018/3/30,28.39726,83.68,125610
G170015,17附息国债15,100,4.05,2,30,2018/3/30,29.317808,97.79,2240
G150028,15附息国债28,100,3.89,2,50,2018/3/30,47.652055,92.13,350
G160013,16附息国债13,100,3.7,2,50,2018/3/30,48.147945,88.96,11950
G170017,17附息国债17,100,3.33,0,1,2018/4/27,0.268493,100.06,118680
G150012,15附息国债12,100,2.73,1,3,2018/4/27,0.123288,99.82,21720
G150022,15附息国债22,100,2.92,1,3,2018/4/27,0.410959,99.88,100100
G160009,16附息国债09,100,2.55,1,3,2018/4/27,1.00274,99.59,130710
G160016,16附息国债16,100,2.43,1,3,2018/4/27,1.252055,99,290
G160002,16附息国债02,100,2.53,1,5,2018/4/27,2.717808,97.7,20
G160006,16附息国债06,100,2.75,1,7,2018/4/27,4.887671,96.55,40
G130011,13附息国债11,100,3.38,2,10,2018/4/27,5.071233,99.98,6180
G150023,15附息国债23,100,2.99,2,10,2018/4/27,7.468493,94.48,120
G150008,15附息国债08,100,4.09,2,20,2018/4/27,17,101,1150
G150021,15附息国债21,100,3.74,2,20,2018/4/27,17.405479,96.87,80
G150017,15附息国债17,100,3.94,2,30,2018/4/27,27.249315,97.29,6140
G160008,16附息国债08,100,3.52,2,30,2018/4/27,27.994521,89.6,33390
G160019,16附息国债19,100,3.27,2,30,2018/4/27,28.320548,85.75,164350
G170015,17附息国债15,100,4.05,2,30,2018/4/27,29.241096,100,150
G150010,15附息国债10,100,3.99,2,50,2018/4/27,47.076712,98,110
G150028,15附息国债28,100,3.89,2,50,2018/4/27,47.575342,94.88,340
G160013,16附息国债13,100,3.7,2,50,2018/4/27,48.071233,91.12,7250
G170017,17附息国债17,100,3.33,0,1,2018/5/30,0.178082,100.08,142120
G180003,18附息国债03,100,3.38,0,1,2018/5/30,0.676712,100.14,27550
G130023,13附息国债23,100,4.13,1,5,2018/5/30,0.441096,100.26,30
G140001,14附息国债01,100,4.47,1,5,2018/5/30,0.608219,101.1,140
G180001,18附息国债01,100,3.81,1,5,2018/5/30,4.638356,102.72,1080
G130008,13附息国债08,100,3.29,1,7,2018/5/30,1.886863,100.72,200
G160006,16附息国债06,100,2.75,1,7,2018/5/30,4.79726,96.37,430
G160014,16附息国债14,100,2.95,1,7,2018/5/30,5.046575,97.5,250
G130011,13附息国债11,100,3.38,2,10,2018/5/30,4.980822,100.01,120
G160010,16附息国债10,100,2.9,2,10,2018/5/30,7.931507,94.61,70
G170010,17附息国债10,100,3.52,2,10,2018/5/30,8.928767,98.77,300
G150008,15附息国债08,100,4.09,2,20,2018/5/30,16.909589,102,2330
G150021,15附息国债21,100,3.74,2,20,2018/5/30,17.315068,97.7,670
G150017,15附息国债17,100,3.94,2,30,2018/5/30,27.158904,98.58,2190
G160008,16附息国债08,100,3.52,2,30,2018/5/30,27.90411,90.4,139330
G160019,16附息国债19,100,3.27,2,30,2018/5/30,28.230137,86.79,351990
G170015,17附息国债15,100,4.05,2,30,2018/5/30,29.150685,100,14270
G150010,15附息国债10,100,3.99,2,50,2018/5/30,46.986301,98,250
G150028,15附息国债28,100,3.89,2,50,2018/5/30,47.484932,96.05,990
G160013,16附息国债13,100,3.7,2,50,2018/5/30,47.980822,92.2,31910
G170017,17附息国债17,100,3.33,0,1,2018/6/28,0.09863,100.01,586440
G170012,17附息国债12,100,3.62,1,2,2018/6/28,0.964384,100.45,1000
G170014,17附息国债14,100,3.47,1,5,2018/6/28,4.041096,99.75,860
G130008,13附息国债08,100,3.29,1,7,2018/6/28,1.807411,99.69,500
G140006,14附息国债06,100,4.33,1,7,2018/6/28,2.764384,102.2,500
G160006,16附息国债06,100,2.75,1,7,2018/6/28,4.717808,96.68,100
G080025,08国债25,100,2.9,2,10,2018/6/28,0.465753,99.15,60
G130011,13附息国债11,100,3.38,2,10,2018/6/28,4.90137,99,470
G160010,16附息国债10,100,2.9,2,10,2018/6/28,7.852055,94.75,13740
G170010,17附息国债10,100,3.52,2,10,2018/6/28,8.849315,99.75,100130
G150008,15附息国债08,100,4.09,2,20,2018/6/28,16.830137,102.47,550
G150021,15附息国债21,100,3.74,2,20,2018/6/28,17.235616,97.99,10
G130019,13附息国债19,100,4.76,2,30,2018/6/28,25.219178,114,270
G150017,15附息国债17,100,3.94,2,30,2018/6/28,27.079452,98.77,1160
G160008,16附息国债08,100,3.52,2,30,2018/6/28,27.824658,91.02,83440
G160019,16附息国债19,100,3.27,2,30,2018/6/28,28.150685,87.56,159490
G170015,17附息国债15,100,4.05,2,30,2018/6/28,29.071233,100.1,1620
G150010,15附息国债10,100,3.99,2,50,2018/6/28,46.906849,98.4,330
G150028,15附息国债28,100,3.89,2,50,2018/6/28,47.405479,96,1110
G160013,16附息国债13,100,3.7,2,50,2018/6/28,47.90137,92.73,4990
G180003,18附息国债03,100,3.38,0,1,2018/7/31,0.506849,100.3,1790
G150022,15附息国债22,100,2.92,1,3,2018/7/31,0.150685,100.15,10
G160009,16附息国债09,100,2.55,1,3,2018/7/31,0.742466,99.73,1086590
G160007,16附息国债07,100,2.58,1,5,2018/7/31,2.70411,98.4,311500
G170001,17附息国债01,100,2.88,1,5,2018/7/31,3.452055,97.64,10
G130008,13附息国债08,100,3.29,1,7,2018/7/31,1.717,99.51,10
G160020,16附息国债20,100,2.75,1,7,2018/7/31,5.087671,100,180
G130011,13附息国债11,100,3.38,2,10,2018/7/31,4.810959,100.52,300
G150023,15附息国债23,100,2.99,2,10,2018/7/31,7.208219,96.5,430
G160010,16附息国债10,100,2.9,2,10,2018/7/31,7.761644,95,140
G150021,15附息国债21,100,3.74,2,20,2018/7/31,17.145205,98.7,320
G150017,15附息国债17,100,3.94,2,30,2018/7/31,26.989041,100.2,1210
G160008,16附息国债08,100,3.52,2,30,2018/7/31,27.734247,92.81,433590
G160019,16附息国债19,100,3.27,2,30,2018/7/31,28.060274,89.02,442820
G170015,17附息国债15,100,4.05,2,30,2018/7/31,28.980822,101.48,270
G150010,15附息国债10,100,3.99,2,50,2018/7/31,46.816438,100.3,2210
G150028,15附息国债28,100,3.89,2,50,2018/7/31,47.315068,98.19,7100
G160013,16附息国债13,100,3.7,2,50,2018/7/31,47.810959,94.44,18200
G160003,16附息国债03,100,2.55,1,3,2018/8/30,0.413699,99.7,100
G130008,13附息国债08,100,3.29,1,7,2018/8/30,1.634808,101.98,200
G160020,16附息国债20,100,2.75,1,7,2018/8/30,5.005479,97.28,340
G160017,16附息国债17,100,2.74,2,10,2018/8/30,7.928767,113.6,400000
G150017,15附息国债17,100,3.94,2,30,2018/8/30,26.906849,97.06,370
G160008,16附息国债08,100,3.52,2,30,2018/8/30,27.652055,89.6,26210
G160019,16附息国债19,100,3.27,2,30,2018/8/30,27.978082,85.64,461360
G170015,17附息国债15,100,4.05,2,30,2018/8/30,28.89863,98.68,7960
G180017,18附息国债17,100,3.97,2,30,2018/8/30,29.897103,96.6,55770
G150028,15附息国债28,100,3.89,2,50,2018/8/30,47.232877,94.8,840
G160013,16附息国债13,100,3.7,2,50,2018/8/30,47.728767,90.77,6040
G180003,18附息国债03,100,3.38,0,1,2018/9/27,0.347945,100.32,100200
G180018,18附息国债18,100,2.79,0,1,2018/9/27,0.884932,99.85,100000
G160009,16附息国债09,100,2.55,1,3,2018/9/27,0.583562,99.73,334350
G130008,13附息国债08,100,3.29,1,7,2018/9/27,1.558096,100.28,750
G160020,16附息国债20,100,2.75,1,7,2018/9/27,4.928767,96.6,330
G130011,13附息国债11,100,3.38,2,10,2018/9/27,4.652055,99.64,900
G150021,15附息国债21,100,3.74,2,20,2018/9/27,16.986301,98,350
G130019,13附息国债19,100,4.76,2,30,2018/9/27,24.969863,112,180
G150017,15附息国债17,100,3.94,2,30,2018/9/27,26.830137,97.27,540
G160008,16附息国债08,100,3.52,2,30,2018/9/27,27.575342,88.9,106000
G160019,16附息国债19,100,3.27,2,30,2018/9/27,27.90137,85.23,488780
G170015,17附息国债15,100,4.05,2,30,2018/9/27,28.821918,98.61,1440
G180017,18附息国债17,100,3.97,2,30,2018/9/27,29.820391,96.22,48920
G150010,15附息国债10,100,3.99,2,50,2018/9/27,46.657534,96.9,880
G150028,15附息国债28,100,3.89,2,50,2018/9/27,47.156164,93.99,950
G160013,16附息国债13,100,3.7,2,50,2018/9/27,47.652055,89.87,8930
G180003,18附息国债03,100,3.38,0,1,2018/10/30,0.257534,100.29,230
G130008,13附息国债08,100,3.29,1,7,2018/10/30,1.467685,100.59,100
G130020,13附息国债20,100,4.07,1,7,2018/10/30,1.964952,102,9600
G150026,15附息国债26,100,3.05,1,7,2018/10/30,3.978082,98.3,50
G160006,16附息国债06,100,2.75,1,7,2018/10/30,4.378082,96.57,700
G160020,16附息国债20,100,2.75,1,7,2018/10/30,4.838356,97.41,1040
G160010,16附息国债10,100,2.9,2,10,2018/10/30,7.512329,95.32,1490
G150021,15附息国债21,100,3.74,2,20,2018/10/30,16.89589,97.95,73550
G130019,13附息国债19,100,4.76,2,30,2018/10/30,24.879452,116,50
G150017,15附息国债17,100,3.94,2,30,2018/10/30,26.739726,98,5890
G160008,16附息国债08,100,3.52,2,30,2018/10/30,27.484932,91.31,337090
G160019,16附息国债19,100,3.27,2,30,2018/10/30,27.810959,87.89,1003890
G170015,17附息国债15,100,4.05,2,30,2018/10/30,28.731507,99.96,5320
G180017,18附息国债17,100,3.97,2,30,2018/10/30,29.72998,98.35,2920
G150010,15附息国债10,100,3.99,2,50,2018/10/30,46.567123,98.09,1220
G150028,15附息国债28,100,3.89,2,50,2018/10/30,47.065753,96.2,1080
G160013,16附息国债13,100,3.7,2,50,2018/10/30,47.561644,92.62,4030
G180003,18附息国债03,100,3.38,0,1,2018/11/29,0.175342,100.2,30
G160009,16附息国债09,100,2.55,1,3,2018/11/29,0.410959,99.99,6000
G180001,18附息国债01,100,3.81,1,5,2018/11/29,4.136986,102.37,240
G180016,18附息国债16,100,3.3,1,5,2018/11/29,4.616438,100.39,29470
G130008,13附息国债08,100,3.29,1,7,2018/11/29,1.385493,100.74,100
G150014,15附息国债14,100,3.3,1,7,2018/11/29,3.608219,100.06,10
G160014,16附息国债14,100,2.95,1,7,2018/11/29,4.545205,98.5,100080
G160020,16附息国债20,100,2.75,1,7,2018/11/29,4.756164,98.2,740
G130011,13附息国债11,100,3.38,2,10,2018/11/29,4.479452,100.66,320
G160004,16附息国债04,100,2.85,2,10,2018/11/29,7.164384,96.52,3660
G160010,16附息国债10,100,2.9,2,10,2018/11/29,7.430137,95.93,50
G150008,15附息国债08,100,4.09,2,20,2018/11/29,16.408219,102.12,1790
G150021,15附息国债21,100,3.74,2,20,2018/11/29,16.813699,98.19,39500
G130019,13附息国债19,100,4.76,2,30,2018/11/29,24.79726,114.5,170
G150017,15附息国债17,100,3.94,2,30,2018/11/29,26.657534,100.39,6120
G160008,16附息国债08,100,3.52,2,30,2018/11/29,27.40274,93.55,102270
G160019,16附息国债19,100,3.27,2,30,2018/11/29,27.728767,89.75,753670
G170015,17附息国债15,100,4.05,2,30,2018/11/29,28.649315,101.92,11970
G180017,18附息国债17,100,3.97,2,30,2018/11/29,29.647788,100.62,2090
G150010,15附息国债10,100,3.99,2,50,2018/11/29,46.484932,101.5,60
G150028,15附息国债28,100,3.89,2,50,2018/11/29,46.983562,98.77,4400
G160013,16附息国债13,100,3.7,2,50,2018/11/29,47.479452,95.01,36460
G160009,16附息国债09,100,2.55,1,3,2018/12/28,0.331507,100.14,100480
G160016,16附息国债16,100,2.43,1,3,2018/12/28,0.580822,99.95,672610
G150019,15附息国债19,100,3.14,1,5,2018/12/28,1.696751,100.51,10
G130008,13附息国债08,100,3.29,1,7,2018/12/28,1.306041,100.99,140
G150002,15附息国债02,100,3.36,1,7,2018/12/28,3.068493,100.9,400
G160006,16附息国债06,100,2.75,1,7,2018/12/28,4.216438,98.29,850
G160014,16附息国债14,100,2.95,1,7,2018/12/28,4.465753,98.85,40000
G180028,18附息国债28,100,3.22,1,7,2018/12/28,6.939726,101.2,10
G150023,15附息国债23,100,2.99,2,10,2018/12/28,6.79726,97.19,110
G160004,16附息国债04,100,2.85,2,10,2018/12/28,7.084932,97.98,1900
G160010,16附息国债10,100,2.9,2,10,2018/12/28,7.350685,96.6,80280
G180019,18附息国债19,100,3.54,2,10,2018/12/28,9.63391,103.45,10
G150008,15附息国债08,100,4.09,2,20,2018/12/28,16.328767,104.18,3800
G150021,15附息国债21,100,3.74,2,20,2018/12/28,16.734247,101,17070
G150017,15附息国债17,100,3.94,2,30,2018/12/28,26.578082,102,2600
G160008,16附息国债08,100,3.52,2,30,2018/12/28,27.323288,95.98,129800
G160019,16附息国债19,100,3.27,2,30,2018/12/28,27.649315,92.01,973850
G170015,17附息国债15,100,4.05,2,30,2018/12/28,28.569863,104.51,11080
G180017,18附息国债17,100,3.97,2,30,2018/12/28,29.568336,102.81,1820
G150010,15附息国债10,100,3.99,2,50,2018/12/28,46.405479,103.5,40
G150028,15附息国债28,100,3.89,2,50,2018/12/28,46.90411,100.8,830
G160013,16附息国债13,100,3.7,2,50,2018/12/28,47.4,97.45,5400
G180026,18附息国债26,100,2.41,0,1,2019/1/31,0.808219,100.05,2500
G180009,18附息国债09,100,3.17,1,5,2019/1/31,4.213699,101.19,21000
G160006,16附息国债06,100,2.75,1,7,2019/1/31,4.123288,98.76,500
G130011,13附息国债11,100,3.38,2,10,2019/1/31,4.306849,101.92,100
G160010,16附息国债10,100,2.9,2,10,2019/1/31,7.257534,97.99,50000
G160023,16附息国债23,100,2.7,2,10,2019/1/31,7.756164,96.99,20000
G150008,15附息国债08,100,4.09,2,20,2019/1/31,16.235616,104.33,1850
G130019,13附息国债19,100,4.76,2,30,2019/1/31,24.624658,115.99,340
G150017,15附息国债17,100,3.94,2,30,2019/1/31,26.484932,103.1,300
G160008,16附息国债08,100,3.52,2,30,2019/1/31,27.230137,95.76,32000
G160019,16附息国债19,100,3.27,2,30,2019/1/31,27.556164,91.82,709750
G170015,17附息国债15,100,4.05,2,30,2019/1/31,28.476712,104.6,2510
G180017,18附息国债17,100,3.97,2,30,2019/1/31,29.475185,103.78,170
G150028,15附息国债28,100,3.89,2,50,2019/1/31,46.810959,101.19,3450
G160013,16附息国债13,100,3.7,2,50,2019/1/31,47.306849,97.01,25730
G190001,19附息国债01,100,2.31,0,1,2019/2/28,0.884812,99.99,1410
G170012,17附息国债12,100,3.62,1,2,2019/2/28,0.293151,100.51,5120
G160009,16附息国债09,100,2.55,1,3,2019/2/28,0.161644,100.18,100
G160016,16附息国债16,100,2.43,1,3,2019/2/28,0.410959,100.18,1690
G160007,16附息国债07,100,2.58,1,5,2019/2/28,2.123288,99.97,10
G130008,13附息国债08,100,3.29,1,7,2019/2/28,1.136178,101.11,240
G150014,15附息国债14,100,3.3,1,7,2019/2/28,3.358904,101.09,70
G160006,16附息国债06,100,2.75,1,7,2019/2/28,4.046575,98.8,130
G160020,16附息国债20,100,2.75,1,7,2019/2/28,4.506849,102.58,200
G140029,14附息国债29,100,3.77,2,10,2019/2/28,5.802845,105,200
G150023,15附息国债23,100,2.99,2,10,2019/2/28,6.627397,98.11,220
G150008,15附息国债08,100,4.09,2,20,2019/2/28,16.158904,104.06,2350
G130019,13附息国债19,100,4.76,2,30,2019/2/28,24.547945,115.49,500
G150017,15附息国债17,100,3.94,2,30,2019/2/28,26.408219,102.39,2420
G160008,16附息国债08,100,3.52,2,30,2019/2/28,27.153425,95.42,134860
G160019,16附息国债19,100,3.27,2,30,2019/2/28,27.479452,91.49,601110
G170015,17附息国债15,100,4.05,2,30,2019/2/28,28.4,104.93,280
G180017,18附息国债17,100,3.97,2,30,2019/2/28,29.398473,102.6,620
G150028,15附息国债28,100,3.89,2,50,2019/2/28,46.734247,100.48,570
G160013,16附息国债13,100,3.7,2,50,2019/2/28,47.230137,96.29,12370
G180010,18附息国债10,100,3.02,0,1,2019/3/29,0.134247,100.1,14950
G180026,18附息国债26,100,2.41,0,1,2019/3/29,0.652055,100.05,50000
G190001,19附息国债01,100,2.31,0,1,2019/3/29,0.80536,100.05,1379520
G180022,18附息国债22,100,3,1,2,2019/3/29,1.556726,100.59,40000
G160016,16附息国债16,100,2.43,1,3,2019/3/29,0.331507,100.31,193010
G150011,15附息国债11,100,3.1,1,5,2019/3/29,1.166015,100.6,200
G150019,15附息国债19,100,3.14,1,5,2019/3/29,1.447436,100.92,10000
G160007,16附息国债07,100,2.58,1,5,2019/3/29,2.043836,99.84,310
G130008,13附息国债08,100,3.29,1,7,2019/3/29,1.056726,100.93,100
G160006,16附息国债06,100,2.75,1,7,2019/3/29,3.967123,98.53,540
G180004,18附息国债04,100,3.85,2,10,2019/3/29,8.846343,105.78,5000
G150008,15附息国债08,100,4.09,2,20,2019/3/29,16.079452,103.65,1070
G150021,15附息国债21,100,3.74,2,20,2019/3/29,16.484932,101.68,180
G150017,15附息国债17,100,3.94,2,30,2019/3/29,26.328767,102.61,50
G160008,16附息国债08,100,3.52,2,30,2019/3/29,27.073973,96.6,46690
G160019,16附息国债19,100,3.27,2,30,2019/3/29,27.4,92.95,790750
G170015,17附息国债15,100,4.05,2,30,2019/3/29,28.320548,105.65,13540
G180017,18附息国债17,100,3.97,2,30,2019/3/29,29.319021,104,140
G150010,15附息国债10,100,3.99,2,50,2019/3/29,46.156164,102.66,10
G150028,15附息国债28,100,3.89,2,50,2019/3/29,46.654795,101.15,360
G160013,16附息国债13,100,3.7,2,50,2019/3/29,47.150685,97.62,16150
G190001,19附息国债01,100,2.31,0,1,2019/4/30,0.717688,99.79,1168790
G170012,17附息国债12,100,3.62,1,2,2019/4/30,0.126027,100.17,860
G160007,16附息国债07,100,2.58,1,5,2019/4/30,1.956164,98.84,1150
G130011,13附息国债11,100,3.38,2,10,2019/4/30,4.063014,100.79,100
G150008,15附息国债08,100,4.09,2,20,2019/4/30,15.991781,102.61,330
G150021,15附息国债21,100,3.74,2,20,2019/4/30,16.39726,99.08,1010
G150017,15附息国债17,100,3.94,2,30,2019/4/30,26.241096,99.48,16970
G160008,16附息国债08,100,3.52,2,30,2019/4/30,26.986301,92.21,48180
G160019,16附息国债19,100,3.27,2,30,2019/4/30,27.312329,88.56,472710
G170015,17附息国债15,100,4.05,2,30,2019/4/30,28.232877,103.1,230
G150028,15附息国债28,100,3.89,2,50,2019/4/30,46.567123,98.5,5010
G160013,16附息国债13,100,3.7,2,50,2019/4/30,47.063014,94.97,11310
G190001,19附息国债01,100,2.31,0,1,2019/5/31,0.632757,99.84,781810
G150011,15附息国债11,100,3.1,1,5,2019/5/31,0.993413,100.35,500
G160004,16附息国债04,100,2.85,2,10,2019/5/31,6.663014,96.31,440
G150008,15附息国债08,100,4.09,2,20,2019/5/31,15.906849,103.7,220
G150021,15附息国债21,100,3.74,2,20,2019/5/31,16.312329,100,10
G150017,15附息国债17,100,3.94,2,30,2019/5/31,26.156164,100.37,2000
G160008,16附息国债08,100,3.52,2,30,2019/5/31,26.90137,93.45,67770
G160019,16附息国债19,100,3.27,2,30,2019/5/31,27.227397,89.89,617200
G170015,17附息国债15,100,4.05,2,30,2019/5/31,28.147945,102.6,3260
G180017,18附息国债17,100,3.97,2,30,2019/5/31,29.146418,101,2760
G150010,15附息国债10,100,3.99,2,50,2019/5/31,45.983562,101.5,70
G150028,15附息国债28,100,3.89,2,50,2019/5/31,46.482192,99.14,2380
G160013,16附息国债13,100,3.7,2,50,2019/5/31,46.978082,95.45,5660
G190001,19附息国债01,100,2.31,0,1,2019/6/28,0.556045,100,2418110
G190005,19附息国债05,100,2.65,0,1,2019/6/28,0.903039,99.96,110
G130008,13附息国债08,100,3.29,1,7,2019/6/28,0.807411,100.93,20
G150026,15附息国债26,100,3.05,1,7,2019/6/28,3.317808,99.1,30
G180028,18附息国债28,100,3.22,1,7,2019/6/28,6.441096,99.99,160
G150023,15附息国债23,100,2.99,2,10,2019/6/28,6.29863,97.2,340
G180027,18附息国债27,100,3.25,2,10,2019/6/28,9.403039,99.76,60
G150008,15附息国债08,100,4.09,2,20,2019/6/28,15.830137,105.89,1670
G150017,15附息国债17,100,3.94,2,30,2019/6/28,26.079452,101.75,390
G160008,16附息国债08,100,3.52,2,30,2019/6/28,26.824658,94.94,479490
G160019,16附息国债19,100,3.27,2,30,2019/6/28,27.150685,91.66,725220
G170015,17附息国债15,100,4.05,2,30,2019/6/28,28.071233,103.67,21420
G180017,18附息国债17,100,3.97,2,30,2019/6/28,29.069706,102.5,2850
G150010,15附息国债10,100,3.99,2,50,2019/6/28,45.906849,102.2,710
G150028,15附息国债28,100,3.89,2,50,2019/6/28,46.405479,100.25,2290
G160013,16附息国债13,100,3.7,2,50,2019/6/28,46.90137,96.41,4790
G190001,19附息国债01,100,2.31,0,1,2019/7/31,0.465634,99.96,1762180
G190005,19附息国债05,100,2.65,0,1,2019/7/31,0.812628,100.11,152730
G130003,13附息国债03,100,3.42,1,7,2019/7/31,0.484759,100.5,50
G150014,15附息国债14,100,3.3,1,7,2019/7/31,2.939726,101.1,30
G180028,18附息国债28,100,3.22,1,7,2019/7/31,6.350685,100.13,40
G160010,16附息国债10,100,2.9,2,10,2019/7/31,6.761644,97.78,100
G180004,18附息国债04,100,3.85,2,10,2019/7/31,8.506617,105.4,10
G150008,15附息国债08,100,4.09,2,20,2019/7/31,15.739726,104.65,210
G150021,15附息国债21,100,3.74,2,20,2019/7/31,16.145205,100.8,6760
G150017,15附息国债17,100,3.94,2,30,2019/7/31,25.989041,101.74,250
G160008,16附息国债08,100,3.52,2,30,2019/7/31,26.734247,95.3,216260
G160019,16附息国债19,100,3.27,2,30,2019/7/31,27.060274,92.3,638980
G170015,17附息国债15,100,4.05,2,30,2019/7/31,27.980822,103.69,5670
G180017,18附息国债17,100,3.97,2,30,2019/7/31,28.979295,102.5,200
G150028,15附息国债28,100,3.89,2,50,2019/7/31,46.315068,100.65,450
G160013,16附息国债13,100,3.7,2,50,2019/7/31,46.810959,96.66,6530
G180026,18附息国债26,100,2.41,0,1,2019/8/29,0.232877,99.99,19000
G190001,19附息国债01,100,2.31,0,1,2019/8/29,0.386182,99.98,2040950
G190005,19附息国债05,100,2.65,0,1,2019/8/29,0.733176,100.07,216600
G170002,17附息国债02,100,2.77,1,3,2019/8/29,0.391646,100.09,59330
G160006,16附息国债06,100,2.75,1,7,2019/8/29,3.547945,99.42,870
G130011,13附息国债11,100,3.38,2,10,2019/8/29,3.731507,101.8,530
G150008,15附息国债08,100,4.09,2,20,2019/8/29,15.660274,106.96,240
G150021,15附息国债21,100,3.74,2,20,2019/8/29,16.065753,102,50
G150017,15附息国债17,100,3.94,2,30,2019/8/29,25.909589,104.69,17150
G160008,16附息国债08,100,3.52,2,30,2019/8/29,26.654795,98.2,163300
G160019,16附息国债19,100,3.27,2,30,2019/8/29,26.980822,95.35,1713560
G170015,17附息国债15,100,4.05,2,30,2019/8/29,27.90137,106.22,16940
G180017,18附息国债17,100,3.97,2,30,2019/8/29,28.899843,104.65,720
G150010,15附息国债10,100,3.99,2,50,2019/8/29,45.736986,104,980
G150028,15附息国债28,100,3.89,2,50,2019/8/29,46.235616,102.2,1360
G160013,16附息国债13,100,3.7,2,50,2019/8/29,46.731507,98.67,16640
G190001,19附息国债01,100,2.31,0,1,2019/9/27,0.30673,100.01,1957910
G190005,19附息国债05,100,2.65,0,1,2019/9/27,0.653724,100.3,75510
G190003,19附息国债03,100,2.69,1,3,2019/9/27,2.441096,99.92,500
G190004,19附息国债04,100,3.19,1,5,2019/9/27,4.53897,100.86,8810
G170013,17附息国债13,100,3.57,1,7,2019/9/27,4.735691,102.75,460
G180028,18附息国债28,100,3.22,1,7,2019/9/27,6.191781,100.64,220
G130011,13附息国债11,100,3.38,2,10,2019/9/27,3.652055,101.68,640
G130019,13附息国债19,100,4.76,2,30,2019/9/27,23.969863,118.8,100
G150017,15附息国债17,100,3.94,2,30,2019/9/27,25.830137,103.05,2030
G160008,16附息国债08,100,3.52,2,30,2019/9/27,26.575342,96.1,129730
G160019,16附息国债19,100,3.27,2,30,2019/9/27,26.90137,92.67,1294840
G170015,17附息国债15,100,4.05,2,30,2019/9/27,27.821918,105.49,50
G150028,15附息国债28,100,3.89,2,50,2019/9/27,46.156164,101.94,1960
G160013,16附息国债13,100,3.7,2,50,2019/9/27,46.652055,97.88,5140
G190001,19附息国债01,100,2.31,0,1,2019/10/29,0.219058,99.94,668630
G190005,19附息国债05,100,2.65,0,1,2019/10/29,0.566053,100.06,20500
G190004,19附息国债04,100,3.19,1,5,2019/10/29,4.451299,100.45,53860
G170006,17附息国债06,100,3.2,1,7,2019/10/29,4.38026,100.31,8450
G170013,17附息国债13,100,3.57,1,7,2019/10/29,4.64802,102.22,2300
G170020,17附息国债20,100,3.69,1,7,2019/10/29,4.896654,102.86,4800
G180028,18附息国债28,100,3.22,1,7,2019/10/29,6.10411,100.09,300
G160004,16附息国债04,100,2.85,2,10,2019/10/29,6.249315,98.98,110
G180004,18附息国债04,100,3.85,2,10,2019/10/29,8.260042,104.33,6900
G150008,15附息国债08,100,4.09,2,20,2019/10/29,15.493151,105.3,50
G130019,13附息国债19,100,4.76,2,30,2019/10/29,23.882192,119.05,30
G150017,15附息国债17,100,3.94,2,30,2019/10/29,25.742466,102,7100
G160008,16附息国债08,100,3.52,2,30,2019/10/29,26.487671,95.2,135240
G160019,16附息国债19,100,3.27,2,30,2019/10/29,26.813699,92.27,511740
G170015,17附息国债15,100,4.05,2,30,2019/10/29,27.734247,103.7,7270
G180017,18附息国债17,100,3.97,2,30,2019/10/29,28.73272,101.9,13500
G180024,18附息国债24,100,4.08,2,30,2019/10/29,28.981353,104.4,50
G150010,15附息国债10,100,3.99,2,50,2019/10/29,45.569863,103,790
G150028,15附息国债28,100,3.89,2,50,2019/10/29,46.068493,101.16,7880
G160013,16附息国债13,100,3.7,2,50,2019/10/29,46.564384,97.37,6880
G190008,19附息国债08,100,4,2,50,2019/10/29,49.652055,102.5,6610
G190001,19附息国债01,100,2.31,0,1,2019/11/26,0.142346,99.99,1109680
G190005,19附息国债05,100,2.65,0,1,2019/11/26,0.489341,100.05,2620
G150011,15附息国债11,100,3.1,1,5,2019/11/26,0.503002,100.28,700
G190004,19附息国债04,100,3.19,1,5,2019/11/26,4.374586,100.75,7320
G190013,19附息国债13,100,2.94,1,5,2019/11/26,4.89098,99.62,1530
G130008,13附息国债08,100,3.29,1,7,2019/11/26,0.393712,100.25,50
G170020,17附息国债20,100,3.69,1,7,2019/11/26,4.819942,103.3,960
G130011,13附息国债11,100,3.38,2,10,2019/11/26,3.487671,101.51,300
G150017,15附息国债17,100,3.94,2,30,2019/11/26,25.665753,102.4,1040
G160008,16附息国债08,100,3.52,2,30,2019/11/26,26.410959,95.72,79670
G160019,16附息国债19,100,3.27,2,30,2019/11/26,26.736986,92.36,586610
G170015,17附息国债15,100,4.05,2,30,2019/11/26,27.657534,104.14,7320
G180017,18附息国债17,100,3.97,2,30,2019/11/26,28.656007,102.7,170
G180024,18附息国债24,100,4.08,2,30,2019/11/26,28.904641,104.99,50
G150010,15附息国债10,100,3.99,2,50,2019/11/26,45.493151,104,360
G150028,15附息国债28,100,3.89,2,50,2019/11/26,45.991781,101.44,100
G160013,16附息国债13,100,3.7,2,50,2019/11/26,46.487671,97.58,11490
G190008,19附息国债08,100,4,2,50,2019/11/26,49.575342,104.18,200
G190005,19附息国债05,100,2.65,0,1,2019/12/31,0.39345,100.2,145960
G190003,19附息国债03,100,2.69,1,3,2019/12/31,2.180822,100,12240
G160015,16附息国债15,100,2.65,1,5,2019/12/31,1.534247,100.22,6900
G140003,14附息国债03,100,4.44,1,7,2019/12/31,1.043836,104.98,160
G150026,15附息国债26,100,3.05,1,7,2019/12/31,2.808219,100.88,1260
G160020,16附息国债20,100,2.75,1,7,2019/12/31,3.668493,100.59,100
G100012,10国债12,100,3.25,2,10,2019/12/31,0.366128,100.49,5650
G130011,13附息国债11,100,3.38,2,10,2019/12/31,3.391781,102.09,280
G170018,17附息国债18,100,3.59,2,10,2019/12/31,7.589041,102.49,840
G170025,17附息国债25,100,3.82,2,10,2019/12/31,7.838356,104.5,160
G180004,18附息国债04,100,3.85,2,10,2019/12/31,8.087439,104.66,960
G180011,18附息国债11,100,3.69,2,10,2019/12/31,8.377057,103.64,60
G180019,18附息国债19,100,3.54,2,10,2019/12/31,8.625691,102.95,1920
G190015,19附息国债15,100,3.13,2,10,2019/12/31,9.890411,99.8,840
G150017,15附息国债17,100,3.94,2,30,2019/12/31,25.569863,103.75,3400
G160008,16附息国债08,100,3.52,2,30,2019/12/31,26.315068,96.72,109810
G160019,16附息国债19,100,3.27,2,30,2019/12/31,26.641096,92.8,627410
G170015,17附息国债15,100,4.05,2,30,2019/12/31,27.561644,105.59,24360
G180017,18附息国债17,100,3.97,2,30,2019/12/31,28.560117,103.8,49330
G150028,15附息国债28,100,3.89,2,50,2019/12/31,45.89589,102.5,7060
G160013,16附息国债13,100,3.7,2,50,2019/12/31,46.391781,98.41,8380
G190005,19附息国债05,100,2.65,0,1,2020/1/23,0.330601,100.41,628140
G160007,16附息国债07,100,2.58,1,5,2020/1/23,1.222082,100.25,100
G190004,19附息国债04,100,3.19,1,5,2020/1/23,4.215847,101.7,500
G190013,19附息国债13,100,2.94,1,5,2020/1/23,4.73224,100.6,200
G140024,14附息国债24,100,3.7,1,7,2020/1/23,1.74811,102.4,1000
G160006,16附息国债06,100,2.75,1,7,2020/1/23,3.14537,100,280
G160020,16附息国债20,100,2.75,1,7,2020/1/23,3.605644,100.11,800
G130011,13附息国债11,100,3.38,2,10,2020/1/23,3.328932,102.26,8310
G160004,16附息国债04,100,2.85,2,10,2020/1/23,6.013863,99.32,200
G150008,15附息国债08,100,4.09,2,20,2020/1/23,15.257699,107.35,1500
G150021,15附息国债21,100,3.74,2,20,2020/1/23,15.663178,103.58,2290
G130019,13附息国债19,100,4.76,2,30,2020/1/23,23.64674,122.33,10
G150017,15附息国债17,100,3.94,2,30,2020/1/23,25.507014,106.6,25690
G160008,16附息国债08,100,3.52,2,30,2020/1/23,26.252219,99.11,338420
G160019,16附息国债19,100,3.27,2,30,2020/1/23,26.578247,95.36,1616110
G170015,17附息国债15,100,4.05,2,30,2020/1/23,27.498795,108.03,19740
G180017,18附息国债17,100,3.97,2,30,2020/1/23,28.497268,106.6,10690
G180024,18附息国债24,100,4.08,2,30,2020/1/23,28.745902,108.6,60
G150010,15附息国债10,100,3.99,2,50,2020/1/23,45.334411,106.5,200
G150028,15附息国债28,100,3.89,2,50,2020/1/23,45.833041,104.02,2630
G160013,16附息国债13,100,3.7,2,50,2020/1/23,46.328932,100.18,83430
G160026,16附息国债26,100,3.48,2,50,2020/1/23,46.827562,98,880
G190005,19附息国债05,100,2.65,0,1,2020/2/28,0.23224,100.21,1593890
G140013,14附息国债13,100,4.02,1,7,2020/2/28,1.3429,102.66,300
G160020,16附息国债20,100,2.75,1,7,2020/2/28,3.507283,100.54,350
G160004,16附息国债04,100,2.85,2,10,2020/2/28,5.915503,100.59,670
G150008,15附息国债08,100,4.09,2,20,2020/2/28,15.159338,109.49,780
G150021,15附息国债21,100,3.74,2,20,2020/2/28,15.564818,105,200
G130019,13附息国债19,100,4.76,2,30,2020/2/28,23.548379,123.8,420
G150017,15附息国债17,100,3.94,2,30,2020/2/28,25.408653,109.53,209630
G160008,16附息国债08,100,3.52,2,30,2020/2/28,26.153859,101.54,2446290
G160019,16附息国债19,100,3.27,2,30,2020/2/28,26.479886,98.13,1748870
G170015,17附息国债15,100,4.05,2,30,2020/2/28,27.400434,110.18,10850
G180017,18附息国债17,100,3.97,2,30,2020/2/28,28.398907,109.19,960
G150010,15附息国债10,100,3.99,2,50,2020/2/28,45.236051,108.6,3420
G150028,15附息国债28,100,3.89,2,50,2020/2/28,45.734681,106.08,6320
G160013,16附息国债13,100,3.7,2,50,2020/2/28,46.230571,102.05,14210
G190005,19附息国债05,100,2.65,0,1,2020/3/31,0.144809,100.19,567410
G190002,19附息国债02,100,2.44,1,2,2020/3/31,0.893824,100.27,190
G170001,17附息国债01,100,2.88,1,5,2020/3/31,1.784235,101,10
G100012,10国债12,100,3.25,2,10,2020/3/31,0.117486,100.25,10340
G130011,13附息国债11,100,3.38,2,10,2020/3/31,3.143139,103.73,660
G150023,15附息国债23,100,2.99,2,10,2020/3/31,5.5404,102.06,80
G150008,15附息国债08,100,4.09,2,20,2020/3/31,15.071907,112.87,190
G150017,15附息国债17,100,3.94,2,30,2020/3/31,25.321222,112,1270
G160008,16附息国债08,100,3.52,2,30,2020/3/31,26.066427,102.85,2746180
G160019,16附息国债19,100,3.27,2,30,2020/3/31,26.392455,99.56,3693040
G170015,17附息国债15,100,4.05,2,30,2020/3/31,27.313002,111.73,100
G150010,15附息国债10,100,3.99,2,50,2020/3/31,45.148619,111,20
G150028,15附息国债28,100,3.89,2,50,2020/3/31,45.647249,107.69,1640
G160013,16附息国债13,100,3.7,2,50,2020/3/31,46.143139,104.55,6290
G200001,20附息国债01,100,2.25,0,1,2020/4/30,0.694049,100.9,2454670
G150016,15附息国债16,100,3.51,2,10,2020/4/30,5.209117,106.58,10
G150008,15附息国债08,100,4.09,2,20,2020/4/30,14.989939,112.51,60
G150021,15附息国债21,100,3.74,2,20,2020/4/30,15.395419,107.85,170
G130019,13附息国债19,100,4.76,2,30,2020/4/30,23.37898,125.5,130
G150017,15附息国债17,100,3.94,2,30,2020/4/30,25.239254,111.02,500
G160008,16附息国债08,100,3.52,2,30,2020/4/30,25.98446,101.8,586540
G160019,16附息国债19,100,3.27,2,30,2020/4/30,26.310487,98.47,2545070
G170015,17附息国债15,100,4.05,2,30,2020/4/30,27.231035,111.85,1040
G180017,18附息国债17,100,3.97,2,30,2020/4/30,28.229508,111.2,8550
G180024,18附息国债24,100,4.08,2,30,2020/4/30,28.478142,113.43,6460
G150028,15附息国债28,100,3.89,2,50,2020/4/30,45.565282,109,340
G160013,16附息国债13,100,3.7,2,50,2020/4/30,46.061172,105.04,5450
G160026,16附息国债26,100,3.48,2,50,2020/4/30,46.559802,103.7,850
G190008,19附息国债08,100,4,2,50,2020/4/30,49.148843,115.2,1850
G200001,20附息国债01,100,2.25,0,1,2020/5/29,0.614814,100.48,3276450
G140024,14附息国债24,100,3.7,1,7,2020/5/29,1.401115,103.09,100
G150023,15附息国债23,100,2.99,2,10,2020/5/29,5.379198,103.1,50
G150008,15附息国债08,100,4.09,2,20,2020/5/29,14.910704,108.82,380
G130019,13附息国债19,100,4.76,2,30,2020/5/29,23.299745,121.6,30
G150017,15附息国债17,100,3.94,2,30,2020/5/29,25.160019,106.98,5380
G160008,16附息国债08,100,3.52,2,30,2020/5/29,25.905225,99.97,253370
G160019,16附息国债19,100,3.27,2,30,2020/5/29,26.231252,95.93,826880
G170015,17附息国债15,100,4.05,2,30,2020/5/29,27.1518,108.94,4630
G150028,15附息国债28,100,3.89,2,50,2020/5/29,45.486047,105.6,460
G160013,16附息国债13,100,3.7,2,50,2020/5/29,45.981937,101.8,960
G190008,19附息国债08,100,4,2,50,2020/5/29,49.069609,107.99,2360
G200001,20附息国债01,100,2.25,0,1,2020/6/30,0.527382,100.08,7340340
G140024,14附息国债24,100,3.7,1,7,2020/6/30,1.313684,102.27,20
G190015,19附息国债15,100,3.13,2,10,2020/6/30,9.393136,102.23,1430
G150008,15附息国债08,100,4.09,2,20,2020/6/30,14.823273,108.5,490
G130019,13附息国债19,100,4.76,2,30,2020/6/30,23.212314,119.56,2440
G150017,15附息国债17,100,3.94,2,30,2020/6/30,25.072588,105.98,110
G160008,16附息国债08,100,3.52,2,30,2020/6/30,25.817793,98.18,136780
G160019,16附息国债19,100,3.27,2,30,2020/6/30,26.143821,94.07,1439720
G170015,17附息国债15,100,4.05,2,30,2020/6/30,27.064369,107.43,5420
G180017,18附息国债17,100,3.97,2,30,2020/6/30,28.062842,110,10
G180024,18附息国债24,100,4.08,2,30,2020/6/30,28.311475,109.4,230
G200004,20附息国债04,100,3.39,2,30,2020/6/30,29.708204,98.28,440
G150028,15附息国债28,100,3.89,2,50,2020/6/30,45.398615,105.4,340
G160013,16附息国债13,100,3.7,2,50,2020/6/30,45.894506,101.17,5250
G160026,16附息国债26,100,3.48,2,50,2020/6/30,46.393136,96.35,10
G190008,19附息国债08,100,4,2,50,2020/6/30,48.982177,107.5,880
G190012,19附息国债12,100,2.46,0,1,2020/7/30,0.139344,100.06,17000
G200001,20附息国债01,100,2.25,0,1,2020/7/30,0.445415,100.11,16389850
G200010,20附息国债10,100,2.15,0,1,2020/7/30,0.960484,100.05,113010
G160021,16附息国债21,100,2.39,1,5,2020/7/30,1.223497,103.5,50
G150002,15附息国债02,100,3.36,1,7,2020/7/30,1.481032,101.83,100
G160014,16附息国债14,100,2.95,1,7,2020/7/30,2.878292,100.51,15870
G130011,13附息国债11,100,3.38,2,10,2020/7/30,2.812538,102,500
G160004,16附息国债04,100,2.85,2,10,2020/7/30,5.49747,100.2,10
G160010,16附息国债10,100,2.9,2,10,2020/7/30,5.763223,103.88,10
G150008,15附息国债08,100,4.09,2,20,2020/7/30,14.741305,109.88,50
G130019,13附息国债19,100,4.76,2,30,2020/7/30,23.130347,124.88,10
G160008,16附息国债08,100,3.52,2,30,2020/7/30,25.735826,97.31,107490
G160019,16附息国债19,100,3.27,2,30,2020/7/30,26.061853,93.43,1431470
G170015,17附息国债15,100,4.05,2,30,2020/7/30,26.982401,106.31,9580
G200004,20附息国债04,100,3.39,2,30,2020/7/30,29.626237,98.1,620
G150028,15附息国债28,100,3.89,2,50,2020/7/30,45.316648,104.39,50
G160013,16附息国债13,100,3.7,2,50,2020/7/30,45.812538,100.11,4600
G190008,19附息国债08,100,4,2,50,2020/7/30,48.90021,107.99,100
G200001,20附息国债01,100,2.25,0,1,2020/8/28,0.36618,99.98,15351970
G200010,20附息国债10,100,2.15,0,1,2020/8/28,0.881249,99.74,1223220
G190002,19附息国债02,100,2.44,1,2,2020/8/28,0.483988,100,23150
G160007,16附息国债07,100,2.58,1,5,2020/8/28,0.626454,100.2,10
G190013,19附息国债13,100,2.94,1,5,2020/8/28,4.136612,99.64,38150
G200005,20附息国债05,100,1.99,1,5,2020/8/28,4.612755,95.54,63680
G160006,16附息国债06,100,2.75,1,7,2020/8/28,2.549742,99.76,90
G180005,18附息国债05,100,3.77,1,7,2020/8/28,4.525084,104.06,20
G130011,13附息国债11,100,3.38,2,10,2020/8/28,2.733303,103.33,30
G150008,15附息国债08,100,4.09,2,20,2020/8/28,14.662071,106.66,100
G130019,13附息国债19,100,4.76,2,30,2020/8/28,23.051112,124.12,1160
G150017,15附息国债17,100,3.94,2,30,2020/8/28,24.911386,104.59,230
G160008,16附息国债08,100,3.52,2,30,2020/8/28,25.656591,96.24,256660
G160019,16附息国债19,100,3.27,2,30,2020/8/28,25.982618,92.24,805540
G170015,17附息国债15,100,4.05,2,30,2020/8/28,26.903166,105.85,1690
G180017,18附息国债17,100,3.97,2,30,2020/8/28,27.901639,103.75,19700
G150028,15附息国债28,100,3.89,2,50,2020/8/28,45.237413,103.61,1860
G160013,16附息国债13,100,3.7,2,50,2020/8/28,45.733303,99.8,8890
G190008,19附息国债08,100,4,2,50,2020/8/28,48.820975,104.11,2020
G200001,20附息国债01,100,2.25,0,1,2020/9/29,0.278748,99.93,14397750
G200010,20附息国债10,100,2.15,0,1,2020/9/29,0.793817,99.69,5682180
G190002,19附息国债02,100,2.44,1,2,2020/9/29,0.396557,99.99,280
G190009,19附息国债09,100,2.74,1,2,2020/9/29,0.780118,100.17,60
G180007,18附息国债07,100,3.42,1,3,2020/9/29,0.533543,100.94,200
G190003,19附息国债03,100,2.69,1,3,2020/9/29,1.434913,100.02,370
G160002,16附息国债02,100,2.53,1,5,2020/9/29,0.292447,100.37,380
G160007,16附息国债07,100,2.58,1,5,2020/9/29,0.539022,100,210
G160015,16附息国债15,100,2.65,1,5,2020/9/29,0.788337,100.7,20220
G170001,17附息国债01,100,2.88,1,5,2020/9/29,1.286968,100.57,10
G170014,17附息国债14,100,3.47,1,5,2020/9/29,1.785598,101.91,410
G180009,18附息国债09,100,3.17,1,5,2020/9/29,2.552721,101.06,500
G180016,18附息国债16,100,3.3,1,5,2020/9/29,2.782858,101.44,470
G180023,18附息国债23,100,3.29,1,5,2020/9/29,3.051351,101.88,400
G190013,19附息国债13,100,2.94,1,5,2020/9/29,4.04918,100.32,10
G140003,14附息国债03,100,4.44,1,7,2020/9/29,0.297926,100.95,890
G140006,14附息国债06,100,4.33,1,7,2020/9/29,0.508885,100.05,10
G140024,14附息国债24,100,3.7,1,7,2020/9/29,1.06505,101.35,210
G150007,15附息国债07,100,3.54,1,7,2020/9/29,1.544502,102.12,10
G150014,15附息国债14,100,3.3,1,7,2020/9/29,1.774639,101.39,10
G150026,15附息国债26,100,3.05,1,7,2020/9/29,2.06231,100.94,470
G160006,16附息国债06,100,2.75,1,7,2020/9/29,2.46231,99.89,10
G150017,15附息国债17,100,3.94,2,30,2020/9/29,24.823954,103.8,600
G160008,16附息国债08,100,3.52,2,30,2020/9/29,25.569159,96.04,411390
G160019,16附息国债19,100,3.27,2,30,2020/9/29,25.895187,92.37,959540
G170015,17附息国债15,100,4.05,2,30,2020/9/29,26.815735,105.98,1610
G180017,18附息国债17,100,3.97,2,30,2020/9/29,27.814208,103.3,300
G200004,20附息国债04,100,3.39,2,30,2020/9/29,29.45957,96.48,170
G160013,16附息国债13,100,3.7,2,50,2020/9/29,45.645872,99.42,2000
G190008,19附息国债08,100,4,2,50,2020/9/29,48.733543,103.28,1450
G200001,20附息国债01,100,2.25,0,1,2020/10/30,0.194049,99.87,3050050
G200010,20附息国债10,100,2.15,0,1,2020/10/30,0.709117,99.6,3399020
G170007,17附息国债07,100,3.13,1,5,2020/10/30,1.451583,100.2,80
G200005,20附息国债05,100,1.99,1,5,2020/10/30,4.440624,95.53,130
G130011,13附息国债11,100,3.38,2,10,2020/10/30,2.561172,102.03,120
G150008,15附息国债08,100,4.09,2,20,2020/10/30,14.489939,105,10
G150021,15附息国债21,100,3.74,2,20,2020/10/30,14.895419,101.55,50
G130019,13附息国债19,100,4.76,2,30,2020/10/30,22.87898,121.5,380
G150017,15附息国债17,100,3.94,2,30,2020/10/30,24.739254,102.71,3100
G160008,16附息国债08,100,3.52,2,30,2020/10/30,25.48446,95.83,106030
G160019,16附息国债19,100,3.27,2,30,2020/10/30,25.810487,92.09,469280
G170015,17附息国债15,100,4.05,2,30,2020/10/30,26.731035,103.91,8420
G180017,18附息国债17,100,3.97,2,30,2020/10/30,27.729508,102.26,1740
G200004,20附息国债04,100,3.39,2,30,2020/10/30,29.374871,94.4,3530
G150028,15附息国债28,100,3.89,2,50,2020/10/30,45.065282,102.3,1500
G160013,16附息国债13,100,3.7,2,50,2020/10/30,45.561172,98.85,15920
G160026,16附息国债26,100,3.48,2,50,2020/10/30,46.059802,95.51,870
G190008,19附息国债08,100,4,2,50,2020/10/30,48.648843,101.09,94950
G200007,20附息国债07,100,3.73,2,50,2020/10/30,49.566652,94.91,2520
G200001,20附息国债01,100,2.25,0,1,2020/11/27,0.117546,99.92,4907790
G200010,20附息国债10,100,2.15,0,1,2020/11/27,0.632615,99.54,2890620
G190002,19附息国债02,100,2.44,1,2,2020/11/27,0.235354,99.8,10
G160015,16附息国债15,100,2.65,1,5,2020/11/27,0.627135,99.9,300
G160021,16附息国债21,100,2.39,1,5,2020/11/27,0.895628,99.21,10
G120004,12国债04,100,3.51,2,10,2020/11/27,1.240834,101.88,60
G130011,13附息国债11,100,3.38,2,10,2020/11/27,2.48467,100.76,290
G160010,16附息国债10,100,2.9,2,10,2020/11/27,5.435354,99.66,20
G130019,13附息国债19,100,4.76,2,30,2020/11/27,22.802478,120.55,100
G150017,15附息国债17,100,3.94,2,30,2020/11/27,24.662752,102.96,600
G160008,16附息国债08,100,3.52,2,30,2020/11/27,25.407957,94.5,85070
G160019,16附息国债19,100,3.27,2,30,2020/11/27,25.733985,90.67,581240
G170015,17附息国债15,100,4.05,2,30,2020/11/27,26.654533,102.3,2320
G180017,18附息国债17,100,3.97,2,30,2020/11/27,27.653005,101.15,2470
G180024,18附息国债24,100,4.08,2,30,2020/11/27,27.901639,103.46,500
G200004,20附息国债04,100,3.39,2,30,2020/11/27,29.298368,90.84,3030
G150028,15附息国债28,100,3.89,2,50,2020/11/27,44.988779,101.53,110
G160013,16附息国债13,100,3.7,2,50,2020/11/27,45.48467,97.16,5690
G190008,19附息国债08,100,4,2,50,2020/11/27,48.572341,100.47,21920
G200007,20附息国债07,100,3.73,2,50,2020/11/27,49.490149,94.68,8980
G200010,20附息国债10,100,2.15,0,1,2020/12/31,0.539719,99.92,12464230
G200015,20附息国债15,100,2.89,0,1,2020/12/31,0.884924,100.61,239720
G200005,20附息国债05,100,1.99,1,5,2020/12/31,4.271225,95.82,38470
G200013,20附息国债13,100,3.02,1,5,2020/12/31,4.808212,99.96,9450
G160020,16附息国债20,100,2.75,1,7,2020/12/31,2.668486,99.59,100
G130011,13附息国债11,100,3.38,2,10,2020/12/31,2.391773,102.71,10
G160010,16附息国债10,100,2.9,2,10,2020/12/31,5.342458,99.59,120
G150008,15附息国债08,100,4.09,2,20,2020/12/31,14.32054,106.66,60
G130019,13附息国债19,100,4.76,2,30,2020/12/31,22.709582,124.6,4060
G150017,15附息国债17,100,3.94,2,30,2020/12/31,24.569856,103.02,10810
G160008,16附息国债08,100,3.52,2,30,2020/12/31,25.315061,96.42,645150
G160019,16附息国债19,100,3.27,2,30,2020/12/31,25.641088,93.13,1674900
G170015,17附息国债15,100,4.05,2,30,2020/12/31,26.561636,104.49,10340
G180017,18附息国债17,100,3.97,2,30,2020/12/31,27.560109,102.56,20840
G200004,20附息国债04,100,3.39,2,30,2020/12/31,29.205472,93.5,7530
G150028,15附息国债28,100,3.89,2,50,2020/12/31,44.895883,101.98,200
G160013,16附息国债13,100,3.7,2,50,2020/12/31,45.391773,98.11,11510
G160026,16附息国债26,100,3.48,2,50,2020/12/31,45.890403,93.18,320
G190008,19附息国债08,100,4,2,50,2020/12/31,48.479445,102.58,125640
G200007,20附息国债07,100,3.73,2,50,2020/12/31,49.397253,97.46,237890
G200010,20附息国债10,100,2.15,0,1,2021/1/29,0.460274,99.79,6336300
G200015,20附息国债15,100,2.89,0,1,2021/1/29,0.805479,100.33,2521380
G210001,21附息国债01,100,2.43,0,1,2021/1/29,0.978082,99.99,110
G160023,16附息国债23,100,2.7,2,10,2021/1/29,5.761644,97.99,20
G180027,18附息国债27,100,3.25,2,10,2021/1/29,7.813998,100.69,10
G130019,13附息国债19,100,4.76,2,30,2021/1/29,22.630137,124,40
G150017,15附息国债17,100,3.94,2,30,2021/1/29,24.490411,103.74,4890
G160008,16附息国债08,100,3.52,2,30,2021/1/29,25.235616,96.19,105940
G160019,16附息国债19,100,3.27,2,30,2021/1/29,25.561644,92.43,1909130
G170015,17附息国债15,100,4.05,2,30,2021/1/29,26.482192,104.19,5940
G180017,18附息国债17,100,3.97,2,30,2021/1/29,27.480665,102.6,260
G180024,18附息国债24,100,4.08,2,30,2021/1/29,27.729299,105.17,1060
G200004,20附息国债04,100,3.39,2,30,2021/1/29,29.126027,93.08,5020
G150028,15附息国债28,100,3.89,2,50,2021/1/29,44.816438,100.41,14020
G160013,16附息国债13,100,3.7,2,50,2021/1/29,45.312329,98.09,10380
G160026,16附息国债26,100,3.48,2,50,2021/1/29,45.810959,93.86,1310
G190008,19附息国债08,100,4,2,50,2021/1/29,48.4,103.99,14210
G200007,20附息国债07,100,3.73,2,50,2021/1/29,49.317808,98.88,9070
G200010,20附息国债10,100,2.15,0,1,2021/2/26,0.383562,99.94,8519970
G200015,20附息国债15,100,2.89,0,1,2021/2/26,0.728767,100.4,638870
G210001,21附息国债01,100,2.43,0,1,2021/2/26,0.90137,99.9,2874260
G160007,16附息国债07,100,2.58,1,5,2021/2/26,0.128767,100.03,50
G140013,14附息国债13,100,4.02,1,7,2021/2/26,0.347945,100.6,7500
G140024,14附息国债24,100,3.7,1,7,2021/2/26,0.654795,100.9,1000
G160006,16附息国债06,100,2.75,1,7,2021/2/26,2.052055,99.92,210
G170006,17附息国债06,100,3.2,1,7,2021/2/26,3.051493,100.21,200
G130011,13附息国债11,100,3.38,2,10,2021/2/26,2.235616,101.38,1150
G180027,18附息国债27,100,3.25,2,10,2021/2/26,7.737286,101.99,70
G190006,19附息国债06,100,3.29,2,10,2021/2/26,8.235616,101.25,10
G150008,15附息国债08,100,4.09,2,20,2021/2/26,14.164384,106.5,1120
G150021,15附息国债21,100,3.74,2,20,2021/2/26,14.569863,101.25,160
G130019,13附息国债19,100,4.76,2,30,2021/2/26,22.553425,125,10
G150017,15附息国债17,100,3.94,2,30,2021/2/26,24.413699,103,5690
G160008,16附息国债08,100,3.52,2,30,2021/2/26,25.158904,95.17,192730
G160019,16附息国债19,100,3.27,2,30,2021/2/26,25.484932,91.18,1488900
G170015,17附息国债15,100,4.05,2,30,2021/2/26,26.405479,104.04,3530
G200004,20附息国债04,100,3.39,2,30,2021/2/26,29.049315,92.67,22790
G200012,20附息国债12,100,3.81,2,30,2021/2/26,29.547945,100.09,100000
G150028,15附息国债28,100,3.89,2,50,2021/2/26,44.739726,100.82,4210
G160013,16附息国债13,100,3.7,2,50,2021/2/26,45.235616,97.99,7720
G160026,16附息国债26,100,3.48,2,50,2021/2/26,45.734247,93.4,6500
G190008,19附息国债08,100,4,2,50,2021/2/26,48.323288,103.72,60
G200007,20附息国债07,100,3.73,2,50,2021/2/26,49.241096,98.16,2800
G200010,20附息国债10,100,2.15,0,1,2021/3/31,0.293151,99.95,4095820
G200015,20附息国债15,100,2.89,0,1,2021/3/31,0.638356,100.37,3021730
G210001,21附息国债01,100,2.43,0,1,2021/3/31,0.810959,99.92,9333890
G200009,20附息国债09,100,2.36,1,3,2021/3/31,2.254795,99.01,10
G200005,20附息国债05,100,1.99,1,5,2021/3/31,4.024658,96.14,50
G130011,13附息国债11,100,3.38,2,10,2021/3/31,2.145205,101.76,140
G150023,15附息国债23,100,2.99,2,10,2021/3/31,4.542466,100.44,80
G160004,16附息国债04,100,2.85,2,10,2021/3/31,4.830137,99,40
G160010,16附息国债10,100,2.9,2,10,2021/3/31,5.09589,99.65,2200
G180027,18附息国债27,100,3.25,2,10,2021/3/31,7.646875,100.72,40
G150021,15附息国债21,100,3.74,2,20,2021/3/31,14.479452,102,300
G130019,13附息国债19,100,4.76,2,30,2021/3/31,22.463014,123.87,320
G150017,15附息国债17,100,3.94,2,30,2021/3/31,24.323288,103.48,1880
G160008,16附息国债08,100,3.52,2,30,2021/3/31,25.068493,96.55,539060
G160019,16附息国债19,100,3.27,2,30,2021/3/31,25.394521,92.97,1191990
G170015,17附息国债15,100,4.05,2,30,2021/3/31,26.315068,105.5,1380
G180017,18附息国债17,100,3.97,2,30,2021/3/31,27.313541,104.03,250
G200004,20附息国债04,100,3.39,2,30,2021/3/31,28.958904,93.9,45450
G150028,15附息国债28,100,3.89,2,50,2021/3/31,44.649315,102.47,4700
G160013,16附息国债13,100,3.7,2,50,2021/3/31,45.145205,99.1,10110
G160026,16附息国债26,100,3.48,2,50,2021/3/31,45.643836,93.82,3010
G190008,19附息国债08,100,4,2,50,2021/3/31,48.232877,105.44,1390
G200007,20附息国债07,100,3.73,2,50,2021/3/31,49.150685,99.83,1560
G200010,20附息国债10,100,2.15,0,1,2021/4/30,0.210959,100.09,1024600
G200015,20附息国债15,100,2.89,0,1,2021/4/30,0.556164,100.6,645290
G210001,21附息国债01,100,2.43,0,1,2021/4/30,0.728767,100.2,4537080
G210006,21附息国债06,100,2.36,0,1,2021/4/30,0.978082,100.08,3688490
G200005,20附息国债05,100,1.99,1,5,2021/4/30,3.942466,96.31,500
G130011,13附息国债11,100,3.38,2,10,2021/4/30,2.063014,101.96,260
G150016,15附息国债16,100,3.51,2,10,2021/4/30,4.210959,103.29,30
G160010,16附息国债10,100,2.9,2,10,2021/4/30,5.013699,99.8,500
G130019,13附息国债19,100,4.76,2,30,2021/4/30,22.380822,122.81,1390
G150017,15附息国债17,100,3.94,2,30,2021/4/30,24.241096,104.23,1250
G160008,16附息国债08,100,3.52,2,30,2021/4/30,24.986301,97.25,136500
G160019,16附息国债19,100,3.27,2,30,2021/4/30,25.312329,93.49,1189200
G170015,17附息国债15,100,4.05,2,30,2021/4/30,26.232877,106.6,4260
G180017,18附息国债17,100,3.97,2,30,2021/4/30,27.23135,104.79,6130
G180024,18附息国债24,100,4.08,2,30,2021/4/30,27.479984,107.1,1900
G200004,20附息国债04,100,3.39,2,30,2021/4/30,28.876712,95.1,2360
G150010,15附息国债10,100,3.99,2,50,2021/4/30,44.068493,101.58,10
G150028,15附息国债28,100,3.89,2,50,2021/4/30,44.567123,103.4,3130
G160013,16附息国债13,100,3.7,2,50,2021/4/30,45.063014,100.12,6000
G160026,16附息国债26,100,3.48,2,50,2021/4/30,45.561644,96.28,230
G190008,19附息国债08,100,4,2,50,2021/4/30,48.150685,106.6,2030
G200007,20附息国债07,100,3.73,2,50,2021/4/30,49.068493,100.68,220
G200010,20附息国债10,100,2.15,0,1,2021/5/31,0.126027,100.01,2606160
G200015,20附息国债15,100,2.89,0,1,2021/5/31,0.471233,100.4,201080
G210001,21附息国债01,100,2.43,0,1,2021/5/31,0.643836,100.13,1723290
G210006,21附息国债06,100,2.36,0,1,2021/5/31,0.893151,100.08,6154370
G190003,19附息国债03,100,2.69,1,3,2021/5/31,0.767123,100.18,200
G200005,20附息国债05,100,1.99,1,5,2021/5/31,3.857534,96.35,730
G140013,14附息国债13,100,4.02,1,7,2021/5/31,0.090411,100.29,60
G160014,16附息国债14,100,2.95,1,7,2021/5/31,2.043836,100.38,50
G130011,13附息国债11,100,3.38,2,10,2021/5/31,1.978082,101.52,100
G190006,19附息国债06,100,3.29,2,10,2021/5/31,7.978082,102.49,20
G190015,19附息国债15,100,3.13,2,10,2021/5/31,8.476712,99.81,1090
G130019,13附息国债19,100,4.76,2,30,2021/5/31,22.29589,123.49,10
G150017,15附息国债17,100,3.94,2,30,2021/5/31,24.156164,105.14,4340
G160008,16附息国债08,100,3.52,2,30,2021/5/31,24.90137,97.96,429570
G160019,16附息国债19,100,3.27,2,30,2021/5/31,25.227397,94.54,637690
G170015,17附息国债15,100,4.05,2,30,2021/5/31,26.147945,106.88,1230
G180017,18附息国债17,100,3.97,2,30,2021/5/31,27.146418,105.5,40
G180024,18附息国债24,100,4.08,2,30,2021/5/31,27.395052,108.28,40
G200004,20附息国债04,100,3.39,2,30,2021/5/31,28.791781,95.33,740
G150010,15附息国债10,100,3.99,2,50,2021/5/31,43.983562,108.5,100
G150028,15附息国债28,100,3.89,2,50,2021/5/31,44.482192,104.2,2210
G160013,16附息国债13,100,3.7,2,50,2021/5/31,44.978082,100.7,11060
G160026,16附息国债26,100,3.48,2,50,2021/5/31,45.476712,95.99,570
G190008,19附息国债08,100,4,2,50,2021/5/31,48.065753,107.41,9530
G200007,20附息国债07,100,3.73,2,50,2021/5/31,48.983562,100.65,440
G200015,20附息国债15,100,2.89,0,1,2021/6/30,0.389041,100.32,1005570
G210001,21附息国债01,100,2.43,0,1,2021/6/30,0.561644,100.02,1622670
G210006,21附息国债06,100,2.36,0,1,2021/6/30,0.810959,100.1,15741900
G210008,21附息国债08,100,2.57,1,2,2021/6/30,1.887671,99.64,4000
G200003,20附息国债03,100,2.24,1,3,2021/6/30,1.679452,99.56,240
G190004,19附息国债04,100,3.19,1,5,2021/6/30,2.782806,101.04,10000
G2000001,20抗疫国债01,100,2.41,1,5,2021/6/30,3.969863,101.8,60
G160020,16附息国债20,100,2.75,1,7,2021/6/30,2.172603,100.26,210
G170020,17附息国债20,100,3.69,1,7,2021/6/30,3.228161,102.69,20
G130011,13附息国债11,100,3.38,2,10,2021/6/30,1.89589,101.49,180
G160010,16附息国债10,100,2.9,2,10,2021/6/30,4.846575,99.54,1400
G170025,17附息国债25,100,3.82,2,10,2021/6/30,6.342466,104.99,2000
G190015,19附息国债15,100,3.13,2,10,2021/6/30,8.394521,100.18,680
G200006,20附息国债06,100,2.68,2,10,2021/6/30,8.890411,95.87,900
G150008,15附息国债08,100,4.09,2,20,2021/6/30,13.824658,106.99,900
G130019,13附息国债19,100,4.76,2,30,2021/6/30,22.213699,122.09,10
G150017,15附息国债17,100,3.94,2,30,2021/6/30,24.073973,105.24,6050
G160008,16附息国债08,100,3.52,2,30,2021/6/30,24.819178,97.69,163650
G160019,16附息国债19,100,3.27,2,30,2021/6/30,25.145205,94.11,647470
G170015,17附息国债15,100,4.05,2,30,2021/6/30,26.065753,106.5,730
G180017,18附息国债17,100,3.97,2,30,2021/6/30,27.064226,105.25,1240
G180024,18附息国债24,100,4.08,2,30,2021/6/30,27.31286,106.95,520
G200004,20附息国债04,100,3.39,2,30,2021/6/30,28.709589,95.1,800
G150028,15附息国债28,100,3.89,2,50,2021/6/30,44.4,104.1,130
G160013,16附息国债13,100,3.7,2,50,2021/6/30,44.89589,100.65,13550
G160026,16附息国债26,100,3.48,2,50,2021/6/30,45.394521,96,1580
G190008,19附息国债08,100,4,2,50,2021/6/30,47.983562,105.99,13290
G200007,20附息国债07,100,3.73,2,50,2021/6/30,48.90137,100.39,23550
G200015,20附息国债15,100,2.89,0,1,2021/7/30,0.306849,100.35,1336950
G210001,21附息国债01,100,2.43,0,1,2021/7/30,0.479452,100.26,4473640
G210006,21附息国债06,100,2.36,0,1,2021/7/30,0.728767,100.29,4466660
G210010,21附息国债10,100,2,0,1,2021/7/30,0.978082,100.01,1426810
G200002,20附息国债02,100,2.2,1,2,2021/7/30,0.542466,100.08,1746240
G190003,19附息国债03,100,2.69,1,3,2021/7/30,0.60274,100.4,1180860
G200005,20附息国债05,100,1.99,1,5,2021/7/30,3.693151,96.3,700
G200013,20附息国债13,100,3.02,1,5,2021/7/30,4.230137,101.15,800
G160010,16附息国债10,100,2.9,2,10,2021/7/30,4.764384,100.2,50
G180027,18附息国债27,100,3.25,2,10,2021/7/30,7.315368,101.6,90
G190015,19附息国债15,100,3.13,2,10,2021/7/30,8.312329,101.97,10
G150021,15附息国债21,100,3.74,2,20,2021/7/30,14.147945,104,190
G130019,13附息国债19,100,4.76,2,30,2021/7/30,22.131507,121.71,1040
G150017,15附息国债17,100,3.94,2,30,2021/7/30,23.991781,108.47,540
G160008,16附息国债08,100,3.52,2,30,2021/7/30,24.736986,101.32,130890
G160019,16附息国债19,100,3.27,2,30,2021/7/30,25.063014,98.16,1260150
G170015,17附息国债15,100,4.05,2,30,2021/7/30,25.983562,109.44,3720
G180017,18附息国债17,100,3.97,2,30,2021/7/30,26.982035,108.04,4030
G200004,20附息国债04,100,3.39,2,30,2021/7/30,28.627397,98,10820
G150028,15附息国债28,100,3.89,2,50,2021/7/30,44.317808,106.2,1140
G160013,16附息国债13,100,3.7,2,50,2021/7/30,44.813699,102.9,8160
G160026,16附息国债26,100,3.48,2,50,2021/7/30,45.312329,98.03,11470
G190008,19附息国债08,100,4,2,50,2021/7/30,47.90137,108.75,1770
G200007,20附息国债07,100,3.73,2,50,2021/7/30,48.819178,102.96,1390
G200015,20附息国债15,100,2.89,0,1,2021/8/31,0.219178,100.2,820860
G210001,21附息国债01,100,2.43,0,1,2021/8/31,0.391781,100.17,2919110
G210006,21附息国债06,100,2.36,0,1,2021/8/31,0.641096,100.65,1813350
G210010,21附息国债10,100,2,0,1,2021/8/31,0.890411,99.82,7659180
G200002,20附息国债02,100,2.2,1,2,2021/8/31,0.454795,100.03,552870
G200011,20附息国债11,100,2.64,1,2,2021/8/31,0.950685,100.34,541070
G190003,19附息国债03,100,2.69,1,3,2021/8/31,0.515068,100.3,800
G200005,20附息国债05,100,1.99,1,5,2021/8/31,3.605479,97.68,100
G160006,16附息国债06,100,2.75,1,7,2021/8/31,1.542466,100.27,5090
G160014,16附息国债14,100,2.95,1,7,2021/8/31,1.791781,100.98,50
G170013,17附息国债13,100,3.57,1,7,2021/8/31,2.809664,102.89,30
G130011,13附息国债11,100,3.38,2,10,2021/8/31,1.726027,101.42,1000
G160010,16附息国债10,100,2.9,2,10,2021/8/31,4.676712,101.17,1090
G150008,15附息国债08,100,4.09,2,20,2021/8/31,13.654795,109.45,1940
G150021,15附息国债21,100,3.74,2,20,2021/8/31,14.060274,104.99,250
G130019,13附息国债19,100,4.76,2,30,2021/8/31,22.043836,122.85,450
G160008,16附息国债08,100,3.52,2,30,2021/8/31,24.649315,101.93,61070
G160019,16附息国债19,100,3.27,2,30,2021/8/31,24.975342,99,915830
G170015,17附息国债15,100,4.05,2,30,2021/8/31,25.89589,110.05,4780
G180017,18附息国债17,100,3.97,2,30,2021/8/31,26.894363,109.47,190
G180024,18附息国债24,100,4.08,2,30,2021/8/31,27.142997,109.99,20450
G200004,20附息国债04,100,3.39,2,30,2021/8/31,28.539726,99.47,1010
G150010,15附息国债10,100,3.99,2,50,2021/8/31,43.731507,109.3,1010
G150028,15附息国债28,100,3.89,2,50,2021/8/31,44.230137,107,200
G160013,16附息国债13,100,3.7,2,50,2021/8/31,44.726027,103.39,4580
G160026,16附息国债26,100,3.48,2,50,2021/8/31,45.224658,99.24,4580
G190008,19附息国债08,100,4,2,50,2021/8/31,47.813699,109.69,990
G200007,20附息国债07,100,3.73,2,50,2021/8/31,48.731507,104.05,770
G200015,20附息国债15,100,2.89,0,1,2021/9/30,0.136986,100.19,1763160
G210001,21附息国债01,100,2.43,0,1,2021/9/30,0.309589,100.18,3743310
G210006,21附息国债06,100,2.36,0,1,2021/9/30,0.558904,100.19,1572500
G210010,21附息国债10,100,2,0,1,2021/9/30,0.808219,99.9,7224440
G200002,20附息国债02,100,2.2,1,2,2021/9/30,0.372603,100.05,501870
G200011,20附息国债11,100,2.64,1,2,2021/9/30,0.868493,100.33,1239700
G190003,19附息国债03,100,2.69,1,3,2021/9/30,0.432877,100.25,13000
G200009,20附息国债09,100,2.36,1,3,2021/9/30,1.753425,99.87,2300
G160014,16附息国债14,100,2.95,1,7,2021/9/30,1.709589,100.88,70
G160020,16附息国债20,100,2.75,1,7,2021/9/30,1.920548,102.42,130
G130011,13附息国债11,100,3.38,2,10,2021/9/30,1.643836,101.65,360
G150023,15附息国债23,100,2.99,2,10,2021/9/30,4.041096,101,200
G190015,19附息国债15,100,3.13,2,10,2021/9/30,8.142466,101.54,350
G150021,15附息国债21,100,3.74,2,20,2021/9/30,13.978082,104.4,9870
G130019,13附息国债19,100,4.76,2,30,2021/9/30,21.961644,122.78,340
G150017,15附息国债17,100,3.94,2,30,2021/9/30,23.821918,109.7,1650
G160008,16附息国债08,100,3.52,2,30,2021/9/30,24.567123,101.93,47200
G160019,16附息国债19,100,3.27,2,30,2021/9/30,24.893151,98.85,1387270
G170015,17附息国债15,100,4.05,2,30,2021/9/30,25.813699,109.72,11510
G180017,18附息国债17,100,3.97,2,30,2021/9/30,26.812172,108.52,440
G180024,18附息国债24,100,4.08,2,30,2021/9/30,27.060805,110.4,500
G200004,20附息国债04,100,3.39,2,30,2021/9/30,28.457534,98.27,43000
G150028,15附息国债28,100,3.89,2,50,2021/9/30,44.147945,107.39,50
G160013,16附息国债13,100,3.7,2,50,2021/9/30,44.643836,103.91,1360
G160026,16附息国债26,100,3.48,2,50,2021/9/30,45.142466,99.15,6010
G190008,19附息国债08,100,4,2,50,2021/9/30,47.731507,110.2,6700
G200007,20附息国债07,100,3.73,2,50,2021/9/30,48.649315,103.83,1230
G210001,21附息国债01,100,2.43,0,1,2021/10/28,0.232877,100.06,5705250
G210006,21附息国债06,100,2.36,0,1,2021/10/28,0.482192,100.08,694440
G210010,21附息国债10,100,2,0,1,2021/10/28,0.731507,99.85,6509990
G200002,20附息国债02,100,2.2,1,2,2021/10/28,0.29589,99.98,276270
G200011,20附息国债11,100,2.64,1,2,2021/10/28,0.791781,100.23,650450
G180016,18附息国债16,100,3.3,1,5,2021/10/28,1.70411,101.48,50
G200005,20附息国债05,100,1.99,1,5,2021/10/28,3.446575,97.18,270
G160006,16附息国债06,100,2.75,1,7,2021/10/28,1.383562,100.14,300
G160020,16附息国债20,100,2.75,1,7,2021/10/28,1.843836,102.77,110
G170013,17附息国债13,100,3.57,1,7,2021/10/28,2.65076,102.77,20
G130011,13附息国债11,100,3.38,2,10,2021/10/28,1.567123,101.59,120
G2000004,20抗疫国债04,100,2.86,2,10,2021/10/28,8.715068,99.08,440
G150008,15附息国债08,100,4.09,2,20,2021/10/28,13.49589,108.62,520
G130019,13附息国债19,100,4.76,2,30,2021/10/28,21.884932,122.08,800
G150017,15附息国债17,100,3.94,2,30,2021/10/28,23.745205,108.15,320
G160008,16附息国债08,100,3.52,2,30,2021/10/28,24.490411,100.08,889150
G160019,16附息国债19,100,3.27,2,30,2021/10/28,24.816438,96.98,994870
G170015,17附息国债15,100,4.05,2,30,2021/10/28,25.736986,109,3720
G200004,20附息国债04,100,3.39,2,30,2021/10/28,28.380822,96.67,20290
G150028,15附息国债28,100,3.89,2,50,2021/10/28,44.071233,106.28,2080
G160013,16附息国债13,100,3.7,2,50,2021/10/28,44.567123,102.69,2930
G160026,16附息国债26,100,3.48,2,50,2021/10/28,45.065753,98.21,2520
G190008,19附息国债08,100,4,2,50,2021/10/28,47.654795,108.98,500
G200007,20附息国债07,100,3.73,2,50,2021/10/28,48.572603,102.83,2070
G210001,21附息国债01,100,2.43,0,1,2021/11/29,0.145205,100.02,3571300
G210006,21附息国债06,100,2.36,0,1,2021/11/29,0.394521,100.06,898140
G210010,21附息国债10,100,2,0,1,2021/11/29,0.643836,99.86,2873490
G210016,21附息国债16,100,2.22,0,1,2021/11/29,0.912329,99.98,2466160
G200002,20附息国债02,100,2.2,1,2,2021/11/29,0.208219,99.97,45800
G200011,20附息国债11,100,2.64,1,2,2021/11/29,0.70411,100.22,1542460
G150007,15附息国债07,100,3.54,1,7,2021/11/29,0.378082,100.33,140
G160020,16附息国债20,100,2.75,1,7,2021/11/29,1.756164,102.8,260
G130011,13附息国债11,100,3.38,2,10,2021/11/29,1.479452,101.21,60
G200006,20附息国债06,100,2.68,2,10,2021/11/29,8.473973,98.5,20
G150008,15附息国债08,100,4.09,2,20,2021/11/29,13.408219,110,10
G150017,15附息国债17,100,3.94,2,30,2021/11/29,23.657534,110.5,260
G160008,16附息国债08,100,3.52,2,30,2021/11/29,24.40274,101.94,249810
G160019,16附息国债19,100,3.27,2,30,2021/11/29,24.728767,98.82,758180
G170015,17附息国债15,100,4.05,2,30,2021/11/29,25.649315,110.67,300
G180017,18附息国债17,100,3.97,2,30,2021/11/29,26.647788,108.96,1510
G200004,20附息国债04,100,3.39,2,30,2021/11/29,28.293151,98.89,19680
G150028,15附息国债28,100,3.89,2,50,2021/11/29,43.983562,107.28,50
G160013,16附息国债13,100,3.7,2,50,2021/11/29,44.479452,103.95,12720
G160026,16附息国债26,100,3.48,2,50,2021/11/29,44.978082,99.77,7440
G190008,19附息国债08,100,4,2,50,2021/11/29,47.567123,110.42,1600
G200007,20附息国债07,100,3.73,2,50,2021/11/29,48.484932,104.69,30
G210006,21附息国债06,100,2.36,0,1,2021/12/31,0.306849,100.12,643690
G210010,21附息国债10,100,2,0,1,2021/12/31,0.556164,100.02,2460920
G210016,21附息国债16,100,2.22,0,1,2021/12/31,0.824658,100.08,5548670
G200002,20附息国债02,100,2.2,1,2,2021/12/31,0.120548,100.03,1369960
G200011,20附息国债11,100,2.64,1,2,2021/12/31,0.616438,100.34,2846210
G200018,20附息国债18,100,2.93,1,2,2021/12/31,0.942466,100.78,939820
G210008,21附息国债08,100,2.57,1,2,2021/12/31,1.383562,100.1,60
G200009,20附息国债09,100,2.36,1,3,2021/12/31,1.50137,99.76,7170
G200005,20附息国债05,100,1.99,1,5,2021/12/31,3.271233,98.5,5430
G150007,15附息国债07,100,3.54,1,7,2021/12/31,0.290411,100.4,10200
G150026,15附息国债26,100,3.05,1,7,2021/12/31,0.808219,100.65,60
G160006,16附息国债06,100,2.75,1,7,2021/12/31,1.208219,100.35,90
G160020,16附息国债20,100,2.75,1,7,2021/12/31,1.668493,100.75,300
G130011,13附息国债11,100,3.38,2,10,2021/12/31,1.391781,101.5,2170
G150023,15附息国债23,100,2.99,2,10,2021/12/31,3.789041,101.09,50
G160010,16附息国债10,100,2.9,2,10,2021/12/31,4.342466,100.59,210
G190015,19附息国债15,100,3.13,2,10,2021/12/31,7.890411,101.52,140
G150008,15附息国债08,100,4.09,2,20,2021/12/31,13.320548,111.3,6970
G130019,13附息国债19,100,4.76,2,30,2021/12/31,21.709589,124.17,13640
G150017,15附息国债17,100,3.94,2,30,2021/12/31,23.569863,111.2,2350
G160008,16附息国债08,100,3.52,2,30,2021/12/31,24.315068,102.92,154410
G160019,16附息国债19,100,3.27,2,30,2021/12/31,24.641096,100.17,1193330
G170015,17附息国债15,100,4.05,2,30,2021/12/31,25.561644,111.26,3200
G180017,18附息国债17,100,3.97,2,30,2021/12/31,26.560117,109.5,1200
G200004,20附息国债04,100,3.39,2,30,2021/12/31,28.205479,99.73,36300
G150010,15附息国债10,100,3.99,2,50,2021/12/31,43.39726,109.03,100
G160013,16附息国债13,100,3.7,2,50,2021/12/31,44.391781,105.49,850
G160026,16附息国债26,100,3.48,2,50,2021/12/31,44.890411,100.92,16370
G190008,19附息国债08,100,4,2,50,2021/12/31,47.479452,111.82,2720
G200007,20附息国债07,100,3.73,2,50,2021/12/31,48.39726,106.88,150
G210006,21附息国债06,100,2.36,0,1,2022/1/28,0.230137,100.16,1457480
G210010,21附息国债10,100,2,0,1,2022/1/28,0.479452,100.16,1767800
G210016,21附息国债16,100,2.22,0,1,2022/1/28,0.747945,100.28,1494870
G220001,22附息国债01,100,2.1,0,1,2022/1/28,0.958904,100.25,46470
G200011,20附息国债11,100,2.64,1,2,2022/1/28,0.539726,100.45,1656890
G200018,20附息国债18,100,2.93,1,2,2022/1/28,0.865753,100.98,604200
G190003,19附息国债03,100,2.69,1,3,2022/1/28,0.10411,100.2,60
G200005,20附息国债05,100,1.99,1,5,2022/1/28,3.194521,98.98,660
G150007,15附息国债07,100,3.54,1,7,2022/1/28,0.213699,100.4,970
G160006,16附息国债06,100,2.75,1,7,2022/1/28,1.131507,100.78,6940
G160020,16附息国债20,100,2.75,1,7,2022/1/28,1.591781,101.6,610
G180020,18附息国债20,100,3.6,1,7,2022/1/28,3.605479,104.75,1940
G130011,13附息国债11,100,3.38,2,10,2022/1/28,1.315068,101.65,300
G2000004,20抗疫国债04,100,2.86,2,10,2022/1/28,8.463014,99.38,210
G150008,15附息国债08,100,4.09,2,20,2022/1/28,13.243836,111.41,240
G150017,15附息国债17,100,3.94,2,30,2022/1/28,23.493151,112.18,2660
G160008,16附息国债08,100,3.52,2,30,2022/1/28,24.238356,103.24,365680
G160019,16附息国债19,100,3.27,2,30,2022/1/28,24.564384,100.29,1786390
G170015,17附息国债15,100,4.05,2,30,2022/1/28,25.484932,111.34,34560
G180017,18附息国债17,100,3.97,2,30,2022/1/28,26.483404,110,640
G180024,18附息国债24,100,4.08,2,30,2022/1/28,26.732038,111.8,30
G200004,20附息国债04,100,3.39,2,30,2022/1/28,28.128767,100.26,30130
G150028,15附息国债28,100,3.89,2,50,2022/1/28,43.819178,110.38,2280
G160013,16附息国债13,100,3.7,2,50,2022/1/28,44.315068,106.1,6550
G160026,16附息国债26,100,3.48,2,50,2022/1/28,44.813699,101.3,6950
G190008,19附息国债08,100,4,2,50,2022/1/28,47.40274,113.5,1150
G210006,21附息国债06,100,2.36,0,1,2022/2/28,0.145205,100.06,2667080
G210010,21附息国债10,100,2,0,1,2022/2/28,0.394521,100.03,1022800
G210016,21附息国债16,100,2.22,0,1,2022/2/28,0.663014,100.17,1982310
G220001,22附息国债01,100,2.1,0,1,2022/2/28,0.873973,100.04,5255370
G200011,20附息国债11,100,2.64,1,2,2022/2/28,0.454795,100.24,457090
G200018,20附息国债18,100,2.93,1,2,2022/2/28,0.780822,100.73,110400
G200009,20附息国债09,100,2.36,1,3,2022/2/28,1.339726,100.28,1800
G150007,15附息国债07,100,3.54,1,7,2022/2/28,0.128767,100.49,10
G130011,13附息国债11,100,3.38,2,10,2022/2/28,1.230137,101.67,550
G200006,20附息国债06,100,2.68,2,10,2022/2/28,8.224658,98.73,100
G150008,15附息国债08,100,4.09,2,20,2022/2/28,13.158904,110.75,10
G130019,13附息国债19,100,4.76,2,30,2022/2/28,21.547945,124.01,70
G160008,16附息国债08,100,3.52,2,30,2022/2/28,24.153425,101.54,39950
G160019,16附息国债19,100,3.27,2,30,2022/2/28,24.479452,97.92,982100
G170015,17附息国债15,100,4.05,2,30,2022/2/28,25.4,110.9,20
G200004,20附息国债04,100,3.39,2,30,2022/2/28,28.043836,99.17,7380
G150028,15附息国债28,100,3.89,2,50,2022/2/28,43.734247,108.9,1290
G160013,16附息国债13,100,3.7,2,50,2022/2/28,44.230137,104.68,2080
G160026,16附息国债26,100,3.48,2,50,2022/2/28,44.728767,100.08,4730
G190008,19附息国债08,100,4,2,50,2022/2/28,47.317808,113,540
G200007,20附息国债07,100,3.73,2,50,2022/2/28,48.235616,105.3,210
G210010,21附息国债10,100,2,0,1,2022/3/28,0.317808,99.95,5207880
G210016,21附息国债16,100,2.22,0,1,2022/3/28,0.586301,100.03,5336060
G220001,22附息国债01,100,2.1,0,1,2022/3/28,0.79726,99.95,4593110
G200011,20附息国债11,100,2.64,1,2,2022/3/28,0.378082,100.16,1845220
G200018,20附息国债18,100,2.93,1,2,2022/3/28,0.70411,100.53,10030
G200003,20附息国债03,100,2.24,1,3,2022/3/28,0.936986,100.03,23000
G200009,20附息国债09,100,2.36,1,3,2022/3/28,1.263014,99.91,100
G200005,20附息国债05,100,1.99,1,5,2022/3/28,3.032877,98.69,290
G160020,16附息国债20,100,2.75,1,7,2022/3/28,1.430137,100.68,100
G130011,13附息国债11,100,3.38,2,10,2022/3/28,1.153425,101.64,680
G150008,15附息国债08,100,4.09,2,20,2022/3/28,13.082192,110.5,20
G130019,13附息国债19,100,4.76,2,30,2022/3/28,21.471233,123.1,110
G150017,15附息国债17,100,3.94,2,30,2022/3/28,23.331507,112.04,280
G160008,16附息国债08,100,3.52,2,30,2022/3/28,24.076712,101.01,393470
G160019,16附息国债19,100,3.27,2,30,2022/3/28,24.40274,97.48,2088440
G170015,17附息国债15,100,4.05,2,30,2022/3/28,25.323288,110,4450
G180017,18附息国债17,100,3.97,2,30,2022/3/28,26.321761,109,2370
G190010,19附息国债10,100,3.86,2,30,2022/3/28,27.317808,107.79,4880
G200004,20附息国债04,100,3.39,2,30,2022/3/28,27.967123,98.7,10630
G200012,20附息国债12,100,3.81,2,30,2022/3/28,28.465753,106.03,10
G150028,15附息国债28,100,3.89,2,50,2022/3/28,43.657534,108.5,70
G160013,16附息国债13,100,3.7,2,50,2022/3/28,44.153425,104.28,14310
G160026,16附息国债26,100,3.48,2,50,2022/3/28,44.652055,99.8,1850
G190008,19附息国债08,100,4,2,50,2022/3/28,47.241096,112.31,6130
G200007,20附息国债07,100,3.73,2,50,2022/3/28,48.158904,105.28,2000
