Date,3m,6m,1y,3y,5y,7y,10y,30y
2018/1/2,3.7797,3.7725,3.6767,3.7786,3.8262,3.9,3.9008,4.3723
2018/1/3,3.6554,3.7176,3.6667,3.7426,3.8503,3.9006,3.9162,4.3723
2018/1/4,3.514,3.5774,3.5968,3.7496,3.8804,3.9104,3.9319,4.3723
2018/1/5,3.4058,3.5255,3.5392,3.7164,3.8484,3.9057,3.9212,4.3623
2018/1/8,3.2977,3.5149,3.5336,3.6771,3.8257,3.9005,3.911,4.3524
2018/1/9,3.2931,3.524,3.5382,3.6528,3.8255,3.9,3.8909,4.3524
2018/1/10,3.3434,3.5714,3.5675,3.651,3.8458,3.8913,3.9201,4.3626
2018/1/11,3.3677,3.5765,3.5675,3.6739,3.8648,3.8913,3.9546,4.3626
2018/1/12,3.3386,3.5514,3.5827,3.6619,3.8598,3.8856,3.9337,4.3526
2018/1/15,3.3466,3.5401,3.5826,3.6787,3.8713,3.9006,3.965,4.3701
2018/1/16,3.3527,3.5506,3.5828,3.663,3.8716,3.9007,3.9596,4.3626
2018/1/17,3.3722,3.5998,3.5828,3.6647,3.89,3.9022,3.9597,4.3652
2018/1/18,3.3759,3.5899,3.5828,3.6652,3.9025,3.9203,3.9797,4.3655
2018/1/19,3.3759,3.5898,3.5603,3.6712,3.8825,3.9017,3.9754,4.3676
2018/1/22,3.3617,3.5494,3.5198,3.6585,3.871,3.9317,3.9522,4.3662
2018/1/23,3.3719,3.5497,3.5398,3.6448,3.8464,3.9309,3.9414,4.3674
2018/1/24,3.3478,3.5491,3.5198,3.6107,3.8614,3.922,3.9507,4.3699
2018/1/25,3.3514,3.5196,3.5098,3.6379,3.8493,3.9128,3.9435,4.372
2018/1/26,3.3163,3.5203,3.5205,3.6352,3.8348,3.9228,3.9365,4.367
2018/1/29,3.3164,3.4999,3.5101,3.6112,3.8433,3.9215,3.9368,4.3696
2018/1/30,3.3266,3.5094,3.5101,3.6409,3.8533,3.9186,3.9292,4.3673
2018/1/31,3.3266,3.5097,3.4701,3.6263,3.8337,3.9125,3.914,4.3647
2018/2/1,3.3682,3.4996,3.43,3.6218,3.8339,3.9005,3.9066,4.3647
2018/2/2,3.2736,3.4215,3.4404,3.6371,3.834,3.9009,3.9092,4.3597
2018/2/5,3.2932,3.3434,3.4514,3.6429,3.85,3.9175,3.9167,4.3574
2018/2/6,3.2532,3.3007,3.4088,3.6236,3.8246,3.8803,3.8825,4.3375
2018/2/7,3.2545,3.3206,3.4014,3.6138,3.8195,3.87,3.87,4.3175
2018/2/8,3.2573,3.3208,3.3986,3.6167,3.8215,3.8675,3.8801,4.3334
2018/2/9,3.2326,3.322,3.3938,3.6196,3.8199,3.8712,3.88,4.3125
2018/2/11,3.2629,3.3217,3.3969,3.605,3.8181,3.885,3.8775,4.3109
2018/2/12,3.265,3.3218,3.3868,3.6182,3.8063,3.8696,3.875,4.3134
2018/2/13,3.2422,3.3127,3.388,3.6186,3.8088,3.8684,3.87,4.3084
2018/2/14,3.2039,3.2807,3.374,3.6186,3.8061,3.8573,3.8702,4.3109
2018/2/22,3.2154,3.3254,3.3905,3.6193,3.8175,3.8666,3.8752,4.3087
2018/2/23,3.1912,3.3312,3.3773,3.6092,3.8149,3.8616,3.8702,4.2987
2018/2/24,3.1914,3.3244,3.3773,3.6021,3.8086,3.8608,3.8652,4.2937
2018/2/26,3.1898,3.2931,3.306,3.5404,3.7806,3.8409,3.8452,4.2738
2018/2/27,3.1642,3.266,3.2713,3.5316,3.7361,3.82,3.8201,4.2738
2018/2/28,3.2024,3.2444,3.2314,3.5228,3.7003,3.8159,3.8202,4.2615
2018/3/1,3.2504,3.2534,3.238,3.5337,3.7002,3.8299,3.8201,4.259
2018/3/2,3.1876,3.2766,3.269,3.5343,3.7105,3.8349,3.8352,4.269
2018/3/5,3.1876,3.247,3.2769,3.535,3.7428,3.8352,3.8453,4.2766
2018/3/6,3.1988,3.26,3.2771,3.5546,3.7428,3.8399,3.8253,4.2766
2018/3/7,3.1999,3.251,3.2583,3.545,3.722,3.82,3.8203,4.2742
2018/3/8,3.2042,3.2475,3.2677,3.5321,3.7197,3.8119,3.8203,4.2717
2018/3/9,3.1349,3.2044,3.2599,3.5305,3.6817,3.8216,3.8278,4.2717
2018/3/12,3.1468,3.1818,3.2779,3.5309,3.6713,3.8067,3.8243,4.2717
2018/3/13,3.1695,3.2029,3.3059,3.5357,3.697,3.8005,3.8362,4.2738
2018/3/14,3.1523,3.1951,3.3092,3.5327,3.6973,3.8031,3.8413,4.272
2018/3/15,3.1523,3.2012,3.3198,3.5424,3.6968,3.803,3.8257,4.2633
2018/3/16,3.1245,3.2595,3.3154,3.546,3.6923,3.811,3.8154,4.2395
2018/3/19,3.1061,3.2357,3.3128,3.5463,3.6981,3.81,3.8104,4.2496
2018/3/20,3.0861,3.2292,3.3144,3.5416,3.6818,3.7804,3.7906,4.2422
2018/3/21,3.0769,3.209,3.2846,3.5381,3.683,3.7829,3.763,4.2248
2018/3/22,3.0613,3.1931,3.2698,3.5286,3.6626,3.765,3.748,4.1999
2018/3/23,2.9847,3.1702,3.2367,3.5098,3.6113,3.7401,3.7005,4.1549
2018/3/26,2.9847,3.2002,3.29,3.5226,3.6204,3.719,3.7307,4.165
2018/3/27,3.0214,3.1986,3.3221,3.5526,3.6344,3.7354,3.7432,4.1748
2018/3/28,3.0336,3.2028,3.3221,3.5584,3.6503,3.74,3.7406,4.1695
2018/3/29,3.0003,3.1867,3.3221,3.5537,3.6723,3.755,3.7456,4.1695
2018/3/30,2.9613,3.167,3.3221,3.5697,3.6609,3.7402,3.7407,4.1749
2018/4/2,2.9509,3.1153,3.2831,3.5579,3.6569,3.7375,3.7357,4.175
2018/4/3,2.878,3.1099,3.2991,3.5515,3.6578,3.76,3.7507,4.1605
2018/4/4,2.858,3.0879,3.2591,3.534,3.6493,3.7501,3.7234,4.1605
2018/4/8,2.858,3.1042,3.2776,3.5229,3.649,3.7491,3.7008,4.1484
2018/4/9,2.7349,3.1124,3.2281,3.4731,3.6066,3.72,3.6959,4.1154
2018/4/10,2.7349,3.1177,3.2384,3.4614,3.5922,3.73,3.7159,4.1155
2018/4/11,2.7432,3.1221,3.2387,3.4398,3.5779,3.715,3.7109,4.1155
2018/4/12,2.7197,3.0894,3.2092,3.4105,3.5597,3.715,3.7109,4.1155
2018/4/13,2.6842,3.0242,3.2013,3.3682,3.5205,3.6916,3.7062,4.1207
2018/4/16,2.6926,2.9348,3.1707,3.3511,3.4919,3.6507,3.6561,4.1186
2018/4/17,2.6856,2.9266,3.1611,3.3112,3.4696,3.6456,3.6512,4.1139
2018/4/18,2.5017,2.7169,2.9125,3.1724,3.3298,3.52,3.5013,3.9758
2018/4/19,2.5517,2.7662,2.9611,3.2126,3.3298,3.52,3.5064,4.0059
2018/4/20,2.5879,2.8068,3.0061,3.1928,3.3252,3.5159,3.5215,3.9985
2018/4/23,2.6921,2.7919,3.0484,3.217,3.3306,3.5383,3.6019,4.0511
2018/4/24,2.7495,2.8221,3.0152,3.1779,3.2858,3.5367,3.5855,4.0509
2018/4/25,2.7394,2.8301,3.0247,3.178,3.2657,3.584,3.6118,4.076
2018/4/26,2.7394,2.8299,3.0279,3.1832,3.286,3.6044,3.6344,4.076
2018/4/27,2.6895,2.8299,3.0155,3.1989,3.2911,3.6307,3.6364,4.0912
2018/4/28,2.6691,2.8102,2.9965,3.1927,3.2711,3.6302,3.6217,4.0912
2018/5/2,2.7022,2.8389,3.0208,3.2529,3.2857,3.675,3.6665,4.0914
2018/5/3,2.6882,2.81,2.977,3.241,3.2505,3.6601,3.6467,4.1113
2018/5/4,2.6518,2.7719,2.9372,3.23,3.2505,3.6251,3.6319,4.1113
2018/5/7,2.648,2.7674,2.9319,3.2282,3.2814,3.6458,3.6518,4.1115
2018/5/8,2.6565,2.7678,2.9233,3.235,3.3331,3.6649,3.6922,4.1265
2018/5/9,2.7062,2.7938,2.9295,3.2349,3.3897,3.6758,3.7074,4.1315
2018/5/10,2.7365,2.8069,2.9235,3.2188,3.3853,3.6651,3.6924,4.1315
2018/5/11,2.7013,2.8602,2.9305,3.2063,3.3805,3.6477,3.6882,4.1264
2018/5/14,2.7212,2.9135,2.9469,3.222,3.4015,3.6488,3.6937,4.1314
2018/5/15,2.7735,2.92,2.9669,3.2215,3.4172,3.6565,3.7151,4.1514
2018/5/16,2.7497,2.9249,3.0185,3.2404,3.4273,3.6595,3.7076,4.1439
2018/5/17,2.7817,2.9563,3.0701,3.2407,3.4584,3.6603,3.712,4.1483
2018/5/18,2.7443,3,3.0711,3.228,3.4793,3.6602,3.7099,4.1284
2018/5/21,2.8089,2.9696,3.1368,3.2481,3.459,3.6505,3.6939,4.1175
2018/5/22,2.7985,3.0045,3.1229,3.2596,3.4176,3.6454,3.67,4.1025
2018/5/23,2.7848,3.0123,3.1233,3.2615,3.4178,3.6454,3.64,4.0833
2018/5/24,2.8066,2.9775,3.1245,3.2813,3.417,3.6174,3.6501,4.0834
2018/5/25,2.8413,3.0149,3.1249,3.2785,3.3966,3.6025,3.6126,4.0508
2018/5/28,2.9152,3.0151,3.1415,3.2873,3.4174,3.5858,3.6101,4.0506
2018/5/29,2.9194,3.0099,3.1397,3.2864,3.4283,3.5961,3.6001,4.0549
2018/5/30,2.904,2.9839,3.1528,3.2957,3.4172,3.586,3.5976,4.0536
2018/5/31,2.89,2.9897,3.1488,3.3018,3.4383,3.5983,3.6129,4.066
2018/6/1,3.0002,3.0003,3.1619,3.3603,3.4406,3.6002,3.6202,4.0738
2018/6/4,2.9848,3.0059,3.1751,3.3807,3.4616,3.6346,3.6532,4.1038
2018/6/5,2.9879,3.0146,3.1703,3.4199,3.4637,3.6443,3.6602,4.1114
2018/6/6,2.9907,3.015,3.2003,3.4337,3.4937,3.6443,3.6602,4.1238
2018/6/7,2.9929,3.0235,3.2161,3.4307,3.5066,3.6504,3.6702,4.1239
2018/6/8,2.95,3.0173,3.2117,3.3858,3.4563,3.6255,3.6453,4.1339
2018/6/11,2.93,3.0339,3.218,3.3971,3.4723,3.65,3.6502,4.1291
2018/6/12,2.9438,3.0517,3.2414,3.4433,3.5273,3.6628,3.6853,4.1341
2018/6/13,2.9833,3.1294,3.2406,3.4277,3.5076,3.66,3.6627,4.1239
2018/6/14,2.9621,3.1097,3.2209,3.4044,3.4776,3.64,3.6227,4.119
2018/6/15,2.9505,3.1543,3.2183,3.3952,3.4565,3.6051,3.6028,4.1087
2018/6/19,2.9766,3.1417,3.2168,3.3809,3.4314,3.5725,3.5603,4.0813
2018/6/20,3.0891,3.1417,3.2848,3.3842,3.4571,3.59,3.6054,4.0963
2018/6/21,3.1024,3.1721,3.2856,3.3866,3.4411,3.5707,3.5753,4.0913
2018/6/22,3.0433,3.1721,3.2775,3.3844,3.4149,3.5701,3.5604,4.0864
2018/6/25,3.0615,3.1817,3.2792,3.3904,3.4363,3.5753,3.5803,4.0862
2018/6/26,3.0996,3.1998,3.2772,3.376,3.4448,3.5706,3.5804,4.0757
2018/6/27,3.0996,3.1998,3.2775,3.3756,3.4224,3.5599,3.5529,4.0757
2018/6/28,3.13,3.1846,3.2242,3.3518,3.3916,3.535,3.5304,4.041
2018/6/29,3.0122,3.1041,3.159,3.3124,3.3507,3.4852,3.4756,3.9708
2018/7/2,2.8213,3.0388,3.134,3.2844,3.344,3.4801,3.4668,3.9658
2018/7/3,2.71,2.9432,3.0543,3.267,3.3184,3.4904,3.4955,3.9658
2018/7/4,2.6621,2.9576,3.0602,3.2721,3.3232,3.4915,3.5107,3.9783
2018/7/5,2.6536,2.9507,3.0304,3.2647,3.3079,3.5001,3.5005,3.9608
2018/7/6,2.445,2.8794,3.0208,3.2656,3.3242,3.5021,3.5259,3.9908
2018/7/9,2.4473,2.8695,3.0404,3.2833,3.3342,3.5266,3.5432,4.0008
2018/7/10,2.4357,2.8479,3.0603,3.2911,3.3442,3.5357,3.5431,4.0008
2018/7/11,2.4325,2.8476,3.0654,3.2665,3.336,3.501,3.5107,4.0008
2018/7/12,2.4579,2.7626,3.0654,3.2568,3.3267,3.5014,3.5158,4.0008
2018/7/13,2.4952,2.7834,3.0654,3.241,3.2734,3.4852,3.4858,3.9809
2018/7/16,2.5211,2.7258,3.0259,3.222,3.2706,3.4826,3.4808,3.9709
2018/7/17,2.4938,2.7403,3.0259,3.2334,3.3056,3.4778,3.4808,3.9709
2018/7/18,2.5378,2.8592,3.0508,3.2383,3.3005,3.4751,3.4708,3.9559
2018/7/19,2.5302,2.8283,3.0507,3.2131,3.2807,3.4699,3.4409,3.9284
2018/7/20,2.4704,2.8585,3.0507,3.243,3.2896,3.5016,3.5135,3.9509
2018/7/23,2.4725,2.8615,3.0508,3.2391,3.2959,3.5021,3.5186,3.9711
2018/7/24,2.4881,2.8633,3.0508,3.2347,3.3115,3.5294,3.5615,4.0009
2018/7/25,2.4147,2.8419,3.011,3.2053,3.3147,3.5339,3.5614,4.0109
2018/7/26,2.2928,2.7511,2.991,3.1754,3.2976,3.5263,3.5361,4.03
2018/7/27,2.2957,2.7401,2.9025,3.1259,3.2733,3.5115,3.5212,4.02
2018/7/30,2.2888,2.6874,2.8816,3.0871,3.257,3.5072,3.5213,4.01
2018/7/31,2.3032,2.6405,2.841,3.0578,3.2249,3.4801,3.4812,3.985
2018/8/1,2.2875,2.6163,2.807,3.0695,3.1736,3.4801,3.4638,3.9788
2018/8/2,2.243,2.6157,2.7722,3.0608,3.1639,3.4615,3.4713,3.98
2018/8/3,2.1377,2.5551,2.7247,3.0375,3.1494,3.434,3.4567,3.97
2018/8/6,2.0209,2.4927,2.6627,3.0254,3.1555,3.434,3.4568,3.97
2018/8/7,2.0119,2.4027,2.603,3.017,3.1455,3.443,3.4876,3.975
2018/8/8,1.9562,2.4016,2.623,3.0594,3.2066,3.4865,3.5222,3.99
2018/8/9,1.9552,2.433,2.7227,3.1129,3.2669,3.5074,3.5476,4.035
2018/8/10,1.9654,2.4185,2.7252,3.119,3.2876,3.5166,3.5525,4.04
2018/8/13,1.9104,2.5238,2.813,3.1682,3.3383,3.547,3.5826,4.07
2018/8/14,1.9645,2.5829,2.8122,3.1844,3.3276,3.5336,3.5519,4.06
2018/8/15,2.0049,2.5341,2.84,3.1836,3.3381,3.5451,3.5829,4.06
2018/8/16,2.06,2.616,2.8408,3.2297,3.3465,3.5607,3.6141,4.075
2018/8/17,2.1159,2.6765,2.8833,3.2831,3.3851,3.5748,3.6524,4.225
2018/8/20,2.1642,2.7189,2.9004,3.2928,3.4179,3.5892,3.6326,4.2138
2018/8/21,2.2086,2.721,2.9432,3.3476,3.4672,3.6054,3.63,4.21
2018/8/22,2.2102,2.7208,2.9034,3.3255,3.4584,3.585,3.6075,4.1998
2018/8/23,2.1759,2.6921,2.8791,3.2745,3.4089,3.5751,3.6101,4.19
2018/8/24,2.1728,2.6943,2.8376,3.2934,3.4066,3.5722,3.6278,4.19
2018/8/27,2.1421,2.6681,2.8545,3.3029,3.4068,3.5875,3.6303,4.195
2018/8/28,2.1477,2.6707,2.867,3.3115,3.4066,3.5939,3.6101,4.1851
2018/8/29,2.1451,2.6733,2.8593,3.3028,3.4022,3.594,3.6101,4.1951
2018/8/30,2.1427,2.6483,2.8344,3.2954,3.3704,3.568,3.5801,4.1801
2018/8/31,2.1205,2.6418,2.8451,3.2727,3.3462,3.5711,3.5751,4.175
2018/9/3,2.13,2.623,2.8387,3.3132,3.3651,3.5911,3.5951,4.1951
2018/9/4,2.1401,2.622,2.8476,3.3317,3.3959,3.6149,3.6101,4.2026
2018/9/5,2.1407,2.5728,2.847,3.3392,3.4114,3.6198,3.6101,4.2001
2018/9/6,2.1318,2.5797,2.8414,3.3486,3.4268,3.6247,3.6101,4.2001
2018/9/7,2.133,2.5438,2.8438,3.3607,3.4366,3.63,3.6301,4.2101
2018/9/10,2.1274,2.605,2.8407,3.3947,3.4793,3.66,3.6551,4.2501
2018/9/11,2.1321,2.617,2.8457,3.4186,3.507,3.675,3.6751,4.2601
2018/9/12,2.1506,2.6429,2.849,3.4155,3.5185,3.675,3.6551,4.2501
2018/9/13,2.1461,2.6177,2.8592,3.3804,3.5014,3.66,3.6526,4.2451
2018/9/14,2.1334,2.621,2.8623,3.3678,3.4977,3.65,3.6351,4.2276
2018/9/17,2.1042,2.6401,2.8636,3.3569,3.4779,3.645,3.6327,4.2201
2018/9/18,2.1222,2.6174,2.8793,3.3554,3.4905,3.655,3.6452,4.2201
2018/9/19,2.1061,2.6144,3.0102,3.3544,3.5017,3.6677,3.6727,4.2251
2018/9/20,2.0526,2.6292,3.0314,3.3633,3.5172,3.6856,3.7003,4.2251
2018/9/21,2.0734,2.6087,3.0266,3.351,3.5072,3.6654,3.6752,4.2101
2018/9/25,2.0893,2.6165,3.0271,3.3245,3.4995,3.6608,3.6754,4.2051
2018/9/26,2.0916,2.638,3.0251,3.3092,3.4799,3.6476,3.6503,4.1926
2018/9/27,2.1243,2.618,3.0177,3.2932,3.4702,3.6203,3.6253,4.1801
2018/9/28,2.2195,2.6581,3.0038,3.2791,3.4401,3.62,3.6153,4.1801
2018/9/29,2.2225,2.6169,2.99,3.2791,3.4513,3.6199,3.6104,4.1751
2018/9/30,2.2235,2.6189,2.9657,3.2808,3.4565,3.6201,3.6103,4.175
2018/10/8,2.0648,2.6043,2.9579,3.2884,3.4431,3.625,3.6155,4.1801
2018/10/9,1.874,2.5442,2.9388,3.2803,3.4442,3.62,3.6156,4.1801
2018/10/10,1.8246,2.5313,2.9395,3.2303,3.437,3.6105,3.6156,4.1801
2018/10/11,1.8662,2.5528,2.8902,3.1976,3.4077,3.58,3.5806,4.1524
2018/10/12,1.9269,2.2448,2.8904,3.2081,3.3964,3.5876,3.5831,4.1524
2018/10/15,1.9279,2.2415,2.88,3.2068,3.4031,3.59,3.5857,4.1652
2018/10/16,1.9526,2.3055,2.8902,3.2072,3.4084,3.58,3.5757,4.1602
2018/10/17,2.0055,2.3595,2.9027,3.2024,3.4094,3.58,3.5807,4.1552
2018/10/18,2.1413,2.3566,2.9027,3.1902,3.36,3.55,3.5508,4.1402
2018/10/19,2.2023,2.353,2.9027,3.1882,3.3602,3.5562,3.5658,4.1152
2018/10/22,2.2675,2.413,2.9027,3.1994,3.386,3.5725,3.591,4.1302
2018/10/23,2.2686,2.4131,2.8879,3.2077,3.3762,3.5613,3.5709,4.1299
2018/10/24,2.3093,2.4347,2.8562,3.196,3.3664,3.55,3.5409,4.1002
2018/10/25,2.2795,2.4225,2.8562,3.1913,3.3516,3.54,3.5409,4.0802
2018/10/26,2.2697,2.4189,2.844,3.1919,3.3417,3.5271,3.541,4.0802
2018/10/29,2.2845,2.4202,2.8203,3.1479,3.3126,3.5015,3.5111,4.08
2018/10/30,2.2471,2.4071,2.8054,3.1385,3.308,3.5065,3.5161,4.0577
2018/10/31,2.3212,2.6255,2.8054,3.1595,3.3129,3.5054,3.5086,4.0552
2018/11/1,2.3114,2.6138,2.7858,3.1806,3.3076,3.5,3.4936,4.0428
2018/11/2,2.2976,2.6625,2.7863,3.1915,3.3229,3.5366,3.5461,4.0728
2018/11/5,2.2802,2.6836,2.7763,3.1882,3.3238,3.523,3.5312,4.0704
2018/11/6,2.2838,2.6692,2.7516,3.1641,3.3143,3.5016,3.5113,4.0604
2018/11/7,2.2791,2.6545,2.7269,3.1139,3.2954,3.4801,3.4813,4.0404
2018/11/8,2.2761,2.6281,2.6771,3.0956,3.2885,3.4759,3.4813,4.0404
2018/11/9,2.2511,2.5164,2.6586,3.0866,3.271,3.471,3.4763,4.0404
2018/11/12,2.2025,2.5303,2.6123,3.0953,3.2665,3.4727,3.4865,4.0379
2018/11/13,2.205,2.5217,2.5913,3.0706,3.2471,3.4623,3.474,4.0254
2018/11/14,2.2178,2.5501,2.559,2.9891,3.1367,3.4037,3.4218,4.0004
2018/11/15,2.2552,2.5027,2.5092,2.9897,3.1359,3.395,3.3915,3.9504
2018/11/16,2.2162,2.4826,2.508,2.981,3.127,3.3503,3.3515,3.8704
2018/11/19,2.2735,2.4938,2.5092,3.0077,3.1521,3.359,3.3772,3.8604
2018/11/20,2.314,2.5104,2.5191,3.0247,3.1779,3.38,3.3771,3.9004
2018/11/21,2.335,2.4881,2.4968,3.0166,3.1787,3.3701,3.3716,3.8804
2018/11/22,2.3572,2.5187,2.4892,3.0186,3.1897,3.3821,3.3917,3.8904
2018/11/23,2.2864,2.4853,2.5115,3.0132,3.1853,3.3903,3.3917,3.9204
2018/11/26,2.3225,2.4494,2.5007,3.0098,3.1756,3.3868,3.4151,3.9332
2018/11/27,2.3271,2.4598,2.495,3.0108,3.179,3.39,3.4,3.9307
2018/11/28,2.3795,2.4946,2.48,3.0015,3.1894,3.3799,3.37,3.9157
2018/11/29,2.4154,2.4696,2.47,2.9956,3.1505,3.3601,3.36,3.8907
2018/11/30,2.3685,2.4791,2.4826,2.9899,3.1353,3.3602,3.355,3.8857
2018/12/3,2.3569,2.4704,2.4823,2.9982,3.1279,3.3698,3.35,3.8807
2018/12/4,2.3563,2.4688,2.4604,2.9738,3.0779,3.315,3.305,3.8416
2018/12/5,2.3625,2.4613,2.4604,2.9333,3.0718,3.2997,3.275,3.8264
2018/12/6,2.3935,2.4684,2.4585,2.9015,3.0734,3.2554,3.2751,3.7967
2018/12/7,2.401,2.4601,2.46,2.881,3.0227,3.2422,3.2853,3.7867
2018/12/10,2.4561,2.4709,2.4839,2.858,2.993,3.2306,3.2678,3.7767
2018/12/11,2.4661,2.4709,2.4742,2.868,2.997,3.2404,3.2652,3.7517
2018/12/12,2.5184,2.5198,2.4607,2.8708,3.0057,3.2356,3.2703,3.7517
2018/12/13,2.5201,2.5983,2.4617,2.8943,3.0438,3.2564,3.3311,3.8217
2018/12/14,2.5525,2.5985,2.4792,2.9153,3.0506,3.252,3.3468,3.8307
2018/12/17,2.5525,2.5679,2.4711,2.9339,3.0574,3.2923,3.3713,3.8407
2018/12/18,2.571,2.5762,2.4861,2.934,3.0577,3.2926,3.3714,3.8307
2018/12/19,2.6298,2.5608,2.7011,2.9237,3.0582,3.2728,3.3412,3.8007
2018/12/20,2.7277,2.6,2.6906,2.8772,3.0414,3.2753,3.3003,3.7805
2018/12/21,2.7791,2.605,2.6806,2.8709,3.0458,3.2382,3.3168,3.7805
2018/12/24,2.7947,2.6058,2.7045,2.8998,3.0657,3.2392,3.3483,3.7805
2018/12/25,2.7951,2.6295,2.7146,2.8972,3.0665,3.253,3.3113,3.7805
2018/12/26,2.7792,2.6346,2.7001,2.9002,3.0644,3.248,3.3011,3.7605
2018/12/27,2.7688,2.6503,2.6611,2.902,3.001,3.2229,3.2709,3.7456
2018/12/28,2.6263,2.5899,2.603,2.8697,2.9614,3.1688,3.2315,3.7106
2018/12/29,2.6153,2.5919,2.6,2.8688,2.9676,3.1641,3.2265,3.7056
2018/12/30,2.6153,2.5919,2.6,2.8688,2.9676,3.1641,3.2265,3.7056
2018/12/31,2.6153,2.5919,2.6,2.8688,2.9676,3.1641,3.2265,3.7056
2019/1/2,2.5237,2.5497,2.5014,2.7859,2.9466,3.0876,3.1734,3.6756
2019/1/3,2.4709,2.5001,2.5017,2.7776,2.8965,3.1031,3.141,3.6806
2019/1/4,2.3251,2.437,2.4525,2.7922,2.885,3.104,3.1513,3.7007
2019/1/7,2.3409,2.4534,2.4026,2.7917,2.9303,3.1272,3.1507,3.7007
2019/1/8,2.3116,2.3501,2.3528,2.753,2.8796,3.0836,3.1211,3.6757
2019/1/9,2.3439,2.4,2.3777,2.7604,2.8745,3.101,3.1106,3.7007
2019/1/10,2.352,2.3861,2.3627,2.7736,2.8954,3.105,3.1006,3.7182
2019/1/11,2.2684,2.3864,2.4065,2.792,2.91,3.0939,3.1058,3.7157
2019/1/14,2.3013,2.3859,2.426,2.7927,2.9496,3.1075,3.1297,3.7257
2019/1/15,2.2992,2.3874,2.4345,2.7922,2.9484,3.1219,3.1383,3.7407
2019/1/16,2.3198,2.3856,2.36,2.7457,2.9047,3.0776,3.0745,3.6779
2019/1/17,2.3078,2.3748,2.35,2.6873,2.8983,3.0573,3.076,3.6904
2019/1/18,2.2924,2.4129,2.3498,2.7061,2.941,3.0791,3.091,3.7105
2019/1/21,2.3453,2.386,2.4209,2.7202,2.9499,3.0828,3.1037,3.7104
2019/1/22,2.3256,2.399,2.3999,2.7225,2.9437,3.0699,3.1071,3.7154
2019/1/23,2.3097,2.3936,2.4099,2.7326,2.9258,3.0579,3.119,3.7179
2019/1/24,2.3093,2.3878,2.4004,2.7339,2.9268,3.0731,3.1338,3.7409
2019/1/25,2.2851,2.3692,2.3804,2.7497,2.9475,3.0738,3.1398,3.7534
2019/1/28,2.2787,2.366,2.3961,2.7373,2.9635,3.0785,3.1397,3.7655
2019/1/29,2.2129,2.3314,2.3877,2.6983,2.9403,3.0638,3.1246,3.7342
2019/1/30,2.2356,2.3433,2.3803,2.6807,2.9207,3.0496,3.1151,3.7304
2019/1/31,2.2051,2.3147,2.3873,2.6885,2.8943,3.0485,3.1037,3.7231
2019/2/1,2.2062,2.3152,2.351,2.6874,2.9006,3.0512,3.1032,3.7256
2019/2/2,2.2062,2.3127,2.351,2.6825,2.8907,3.0481,3.0978,3.7194
2019/2/3,2.2062,2.3127,2.3506,2.6805,2.8923,3.0386,3.0967,3.7121
2019/2/11,2.2041,2.2905,2.3381,2.6722,2.8754,3.0444,3.067,3.7107
2019/2/12,2.1853,2.2815,2.3053,2.6493,2.8643,3.0458,3.0748,3.7107
2019/2/13,2.1752,2.2689,2.3251,2.6424,2.8746,3.0327,3.0719,3.7007
2019/2/14,2.1639,2.2618,2.313,2.6631,2.8779,3.0413,3.0726,3.7105
2019/2/15,2.0058,2.2637,2.3094,2.6533,2.8794,3.03,3.0794,3.7155
2019/2/18,2.0626,2.2099,2.3206,2.6732,2.909,3.0602,3.1094,3.7322
2019/2/19,2.0619,2.2056,2.3141,2.6732,2.9145,3.0696,3.1279,3.7215
2019/2/20,2.0611,2.1804,2.3053,2.6932,2.9063,3.0642,3.1196,3.7265
2019/2/21,2.0509,2.202,2.3356,2.6895,2.919,3.0732,3.1361,3.729
2019/2/22,2.0366,2.2084,2.3592,2.7013,2.9253,3.0833,3.1451,3.705
2019/2/25,2.0525,2.2257,2.344,2.7331,2.9956,3.1392,3.1787,3.7467
2019/2/26,2.1883,2.2425,2.3546,2.7708,3.0473,3.1593,3.1878,3.7617
2019/2/27,2.1495,2.2789,2.39,2.7687,3.0343,3.1331,3.1689,3.7417
2019/2/28,2.1346,2.2557,2.4053,2.7597,3.0466,3.1464,3.1731,3.7517
2019/3/1,2.0102,2.2808,2.4338,2.7896,3.0689,3.1765,3.187,3.7472
2019/3/4,1.963,2.2578,2.4442,2.8132,3.0691,3.1864,3.2023,3.756
2019/3/5,2.0273,2.2626,2.4431,2.832,3.099,3.198,3.2149,3.7619
2019/3/6,2.0013,2.2229,2.4486,2.8519,3.0893,3.2098,3.2021,3.7623
2019/3/7,1.9626,2.2041,2.4532,2.843,3.0454,3.1697,3.1572,3.7423
2019/3/8,1.9539,2.1081,2.4503,2.8031,3.0284,3.1646,3.1423,3.7272
2019/3/11,1.9302,2.157,2.4471,2.8226,3.0275,3.1668,3.1374,3.7222
2019/3/12,2.006,2.157,2.4613,2.8274,3.0536,3.1718,3.1424,3.7231
2019/3/13,2.001,2.2052,2.4705,2.8201,3.0539,3.1643,3.1375,3.7232
2019/3/14,2.1556,2.2322,2.4719,2.828,3.0641,3.1646,3.1475,3.7332
2019/3/15,2.1529,2.2311,2.4632,2.783,3.0625,3.1595,3.1376,3.7276
2019/3/18,2.1595,2.2348,2.4773,2.8042,3.0715,3.1691,3.1377,3.7276
2019/3/19,2.1657,2.2381,2.4787,2.7751,3.0767,3.1691,3.1377,3.7276
2019/3/20,2.1546,2.2395,2.4698,2.7862,3.0711,3.1791,3.1453,3.7361
2019/3/21,2.1536,2.2288,2.4498,2.7818,3.0465,3.1494,3.1291,3.7253
2019/3/22,2.1446,2.2408,2.4655,2.7616,3.034,3.1295,3.108,3.7029
2019/3/25,2.1062,2.2511,2.4795,2.7565,3.0101,3.1286,3.0831,3.6839
2019/3/26,2.0915,2.2552,2.4706,2.7376,2.9928,3.094,3.0633,3.6805
2019/3/27,2.1293,2.2771,2.4669,2.7216,2.9937,3.0899,3.0882,3.688
2019/3/28,2.1513,2.2429,2.4478,2.7171,2.9658,3.1013,3.0634,3.6828
2019/3/29,2.1427,2.2321,2.4377,2.7126,2.9577,3.1086,3.0683,3.6631
2019/4/1,2.0522,2.1763,2.4407,2.7526,3.0126,3.1784,3.1332,3.7079
2019/4/2,2.0826,2.198,2.4522,2.7621,3.0378,3.2182,3.1681,3.7174
2019/4/3,2.0811,2.1823,2.4639,2.8695,3.081,3.2807,3.2331,3.7733
2019/4/4,2.0715,2.1913,2.4759,2.9004,3.1313,3.2891,3.2679,3.7808
2019/4/8,2.1573,2.1897,2.4746,2.8934,3.1623,3.2811,3.2482,3.7784
2019/4/9,2.159,2.192,2.4664,2.926,3.2259,3.3091,3.2882,3.8134
2019/4/10,2.1727,2.2174,2.4753,2.9424,3.21,3.2996,3.2932,3.8134
2019/4/11,2.1753,2.2343,2.4794,2.9422,3.1793,3.2894,3.2784,3.8234
2019/4/12,2.1064,2.28,2.52,2.9453,3.1778,3.323,3.3334,3.8534
2019/4/15,2.2019,2.3094,2.5336,2.9851,3.2414,3.37,3.3736,3.9234
2019/4/16,2.1865,2.3223,2.5856,3.0431,3.2565,3.3995,3.3937,3.9437
2019/4/17,2.2006,2.453,2.7156,3.0535,3.2567,3.4043,3.3938,3.9437
2019/4/18,2.2267,2.455,2.6712,3.0238,3.2018,3.3741,3.3589,3.9237
2019/4/19,2.187,2.4095,2.6797,2.9916,3.2024,3.3818,3.3741,3.9569
2019/4/22,2.1247,2.3416,2.6913,3.023,3.2231,3.4288,3.4091,3.9739
2019/4/23,2.189,2.3314,2.702,3.0255,3.2437,3.4284,3.3993,3.974
2019/4/24,2.1705,2.3207,2.6968,3.0341,3.2693,3.449,3.4343,4.004
2019/4/25,2.1765,2.3773,2.6902,3.032,3.2441,3.4388,3.4193,3.984
2019/4/26,2.2105,2.3537,2.6742,3.0293,3.214,3.4388,3.4043,3.9715
2019/4/28,2.2105,2.3537,2.6988,3.0293,3.214,3.4388,3.4043,3.9715
2019/4/29,2.2475,2.3772,2.7223,3.0376,3.2199,3.4391,3.4268,3.9743
2019/4/30,2.2545,2.3646,2.6902,3.0343,3.1949,3.4272,3.3869,3.9593
2019/5/5,2.2595,2.3636,2.6902,3.0343,3.1949,3.4249,3.3849,3.957
2019/5/6,2.2713,2.3576,2.6794,2.9785,3.1467,3.3902,3.355,3.9396
2019/5/7,2.2736,2.3526,2.6764,3.0543,3.1628,3.402,3.3551,3.9347
2019/5/8,2.2953,2.3704,2.6801,3.0178,3.1537,3.3871,3.3426,3.9297
2019/5/9,2.2867,2.3568,2.6618,2.9859,3.142,3.357,3.3116,3.9122
2019/5/10,2.351,2.4077,2.685,2.9831,3.1527,3.3492,3.3017,3.9098
2019/5/13,2.3773,2.4801,2.6844,2.9756,3.1304,3.3215,3.2709,3.8948
2019/5/14,2.356,2.4571,2.6783,2.9898,3.16,3.3435,3.2859,3.9048
2019/5/15,2.3287,2.4536,2.6848,2.9891,3.1486,3.3311,3.2762,3.9149
2019/5/16,2.2828,2.43,2.683,2.9513,3.1293,3.3093,3.2662,3.9024
2019/5/17,2.2888,2.4688,2.6775,2.9619,3.1344,3.3115,3.2665,3.9249
2019/5/20,2.2624,2.4207,2.6593,2.9646,3.13,3.3118,3.2717,3.93
2019/5/21,2.2779,2.426,2.6623,2.9823,3.135,3.3346,3.299,3.94
2019/5/22,2.3063,2.45,2.7,2.9808,3.1433,3.3527,3.3264,3.95
2019/5/23,2.31,2.4326,2.695,2.9651,3.1159,3.3338,3.31,3.935
2019/5/24,2.2934,2.4294,2.6912,2.965,3.1112,3.3362,3.3125,3.9351
2019/5/27,2.3087,2.4807,2.7535,3.0048,3.1497,3.3784,3.35,3.9651
2019/5/28,2.3947,2.5791,2.7352,2.9744,3.1433,3.3574,3.31,3.9452
2019/5/29,2.3633,2.5805,2.715,2.9537,3.0925,3.3183,3.2875,3.9277
2019/5/30,2.3818,2.5309,2.6964,2.9245,3.0682,3.3081,3.275,3.929
2019/5/31,2.3996,2.5135,2.679,2.9418,3.0731,3.3081,3.2751,3.9403
2019/6/3,2.416,2.485,2.6934,2.9404,3.058,3.2778,3.2401,3.9153
2019/6/4,2.4115,2.4503,2.671,2.9364,3.0427,3.2619,3.2101,3.8703
2019/6/5,2.4162,2.4394,2.6632,2.9484,3.0484,3.2643,3.21,3.8554
2019/6/6,2.4053,2.4702,2.6542,2.9533,3.0565,3.2537,3.2136,3.8454
2019/6/10,2.4105,2.493,2.6661,2.9741,3.0765,3.27,3.2251,3.8555
2019/6/11,2.4162,2.4917,2.6772,2.9948,3.1134,3.3,3.2651,3.8855
2019/6/12,2.4136,2.4746,2.6849,2.9765,3.1132,3.2925,3.2601,3.8805
2019/6/13,2.4106,2.486,2.7155,2.9647,3.098,3.2775,3.2451,3.863
2019/6/14,2.4302,2.5298,2.7338,2.9415,3.0732,3.2601,3.2302,3.8356
2019/6/17,2.4549,2.5805,2.7264,2.929,3.0562,3.25,3.2252,3.8354
2019/6/18,2.4312,2.5258,2.727,2.9284,3.0542,3.255,3.2302,3.8457
2019/6/19,2.351,2.5015,2.7231,2.929,3.0679,3.265,3.2427,3.8619
2019/6/20,2.332,2.4556,2.6889,2.9114,3.0511,3.26,3.2352,3.8507
2019/6/21,2.2566,2.4072,2.6608,2.9132,3.041,3.255,3.2303,3.8599
2019/6/24,2.2464,2.415,2.6633,2.9302,3.0618,3.27,3.2453,3.8782
2019/6/25,2.2536,2.4094,2.6593,2.9242,3.0517,3.2625,3.2353,3.8732
2019/6/26,2.2342,2.3982,2.6604,2.9261,3.0627,3.27,3.2453,3.8831
2019/6/27,2.2375,2.3948,2.6565,2.9453,3.0775,3.27,3.2553,3.888
2019/6/28,2.187,2.3893,2.6429,2.9406,3.057,3.255,3.2254,3.8664
2019/7/1,2.1946,2.3466,2.6554,2.9366,3.0578,3.26,3.2254,3.8636
2019/7/2,2.1661,2.3291,2.6263,2.9021,3.0093,3.21,3.1704,3.8036
2019/7/3,2.0509,2.2764,2.5926,2.8788,2.9976,3.18,3.1554,3.7935
2019/7/4,2.0671,2.2359,2.5845,2.8771,2.9848,3.1825,3.1479,3.7887
2019/7/5,2.0395,2.2362,2.5957,2.9012,3.0182,3.1951,3.1705,3.7945
2019/7/8,2.0511,2.2165,2.61,2.9112,3.0284,3.1975,3.1805,3.813
2019/7/9,2.0588,2.2529,2.6267,2.9118,3.0229,3.1899,3.168,3.8108
2019/7/10,2.0317,2.2858,2.5918,2.9258,3.0203,3.19,3.1706,3.8136
2019/7/11,2.0544,2.2674,2.6031,2.8974,3.0206,3.1899,3.168,3.8045
2019/7/12,2.0393,2.2732,2.6186,2.8876,3.0101,3.1799,3.1531,3.7972
2019/7/15,2.0321,2.2757,2.6244,2.914,3.0308,3.1949,3.1782,3.8185
2019/7/16,2.0884,2.2749,2.6246,2.911,3.0311,3.1925,3.1732,3.8299
2019/7/17,2.1306,2.3046,2.6378,2.9045,3.0267,3.1949,3.1757,3.8371
2019/7/18,2.1624,2.3056,2.6382,2.897,3.0084,3.18,3.1608,3.8298
2019/7/19,2.1492,2.2967,2.6344,2.8974,3.0089,3.175,3.1559,3.8633
2019/7/22,2.1948,2.311,2.6386,2.8908,2.999,3.1724,3.1484,3.8375
2019/7/23,2.2086,2.3121,2.6302,2.8845,2.9919,3.1699,3.1484,3.8288
2019/7/24,2.1882,2.3078,2.6317,2.9024,3.0098,3.18,3.171,3.8501
2019/7/25,2.203,2.3155,2.6317,2.8957,3.0051,3.175,3.1635,3.8426
2019/7/26,2.2222,2.3313,2.6267,2.9009,3.0081,3.1751,3.1661,3.8427
2019/7/29,2.2687,2.3131,2.6277,2.9096,3.0246,3.19,3.1836,3.8578
2019/7/30,2.2802,2.296,2.6285,2.9096,3.0195,3.1879,3.1761,3.8553
2019/7/31,2.31,2.3269,2.6183,2.8945,2.9994,3.1724,3.1552,3.8279
2019/8/1,2.3302,2.3474,2.6155,2.8905,2.9838,3.1649,3.1487,3.8255
2019/8/2,2.3082,2.3231,2.5973,2.8583,2.9427,3.1229,3.0914,3.7707
2019/8/5,2.3303,2.348,2.5875,2.8422,2.9102,3.0898,3.0563,3.7185
2019/8/6,2.3314,2.3621,2.5724,2.8475,2.9199,3.0947,3.0613,3.726
2019/8/7,2.3404,2.37,2.572,2.7667,2.935,3.0798,3.0514,3.7111
2019/8/8,2.3406,2.3711,2.5752,2.7591,2.9362,3.08,3.0465,3.711
2019/8/9,2.3202,2.3852,2.5694,2.7778,2.9061,3.0574,3.0216,3.6837
2019/8/12,2.3489,2.4064,2.5906,2.7807,2.9205,3.0722,3.0391,3.6963
2019/8/13,2.3549,2.4134,2.5915,2.7733,2.9011,3.0421,3.0041,3.6517
2019/8/14,2.3512,2.4424,2.5896,2.7712,2.91,3.0447,3.0105,3.6117
2019/8/15,2.3853,2.4421,2.5965,2.7713,2.9182,3.0447,3.0115,3.6017
2019/8/16,2.4038,2.4517,2.5949,2.7818,2.9369,3.0548,3.0217,3.6168
2019/8/19,2.4003,2.449,2.5969,2.7772,2.9192,3.0546,3.0191,3.6069
2019/8/20,2.3845,2.4688,2.6012,2.7724,2.9313,3.0597,3.0317,3.6219
2019/8/21,2.4348,2.5184,2.628,2.7726,2.9603,3.0847,3.0567,3.6518
2019/8/22,2.4369,2.5155,2.6235,2.7856,2.9613,3.0846,3.0543,3.6593
2019/8/23,2.4375,2.5193,2.6195,2.7785,2.9634,3.0898,3.0644,3.6644
2019/8/26,2.4457,2.547,2.6081,2.7741,2.9443,3.0697,3.0494,3.6471
2019/8/27,2.4595,2.5687,2.6258,2.7733,2.9508,3.0796,3.052,3.6622
2019/8/28,2.4759,2.5793,2.626,2.7742,2.9568,3.0845,3.052,3.6622
2019/8/29,2.4858,2.5751,2.6311,2.7626,2.9297,3.0576,3.0321,3.6469
2019/8/30,2.448,2.556,2.6179,2.7798,2.9627,3.0896,3.0573,3.6823
2019/9/2,2.4412,2.5537,2.6205,2.7986,2.9773,3.0995,3.0723,3.7021
2019/9/3,2.4402,2.5547,2.6235,2.8391,2.9748,3.1042,3.0624,3.6922
2019/9/4,2.4149,2.5408,2.63,2.8295,2.9561,3.0916,3.0473,3.6674
2019/9/5,2.4216,2.5271,2.6129,2.7644,2.9257,3.0518,3.0173,3.6207
2019/9/6,2.3942,2.4558,2.6102,2.744,2.9081,3.052,3.0173,3.6182
2019/9/9,2.414,2.4715,2.6298,2.7475,2.9361,3.0641,3.025,3.6259
2019/9/10,2.4063,2.4626,2.62,2.7413,2.9548,3.0816,3.0425,3.6359
2019/9/11,2.3995,2.4924,2.6119,2.7468,2.9519,3.0867,3.0525,3.6386
2019/9/12,2.3888,2.4939,2.6012,2.7454,2.9802,3.117,3.0876,3.6684
2019/9/16,2.4168,2.4848,2.5961,2.7575,2.9769,3.1193,3.0926,3.6688
2019/9/17,2.4032,2.4884,2.5963,2.7469,2.9879,3.1294,3.1076,3.6789
2019/9/18,2.4,2.5008,2.5503,2.747,3.0033,3.1594,3.1278,3.7191
2019/9/19,2.3169,2.5075,2.5507,2.7474,2.9977,3.139,3.1053,3.7042
2019/9/20,2.3071,2.503,2.5718,2.747,2.9894,3.1266,3.098,3.6968
2019/9/23,2.3166,2.5055,2.5652,2.7508,2.9841,3.1267,3.1005,3.702
2019/9/24,2.2934,2.4939,2.5654,2.756,2.9979,3.137,3.1205,3.7196
2019/9/25,2.2838,2.4967,2.5503,2.7545,2.9904,3.1344,3.1157,3.7247
2019/9/26,2.2767,2.5085,2.5457,2.7571,3.0085,3.1545,3.1381,3.7448
2019/9/27,2.2417,2.4801,2.5413,2.7657,3.0163,3.1624,3.1482,3.7589
2019/9/29,2.2759,2.4322,2.5493,2.7635,3.0051,3.1545,3.1434,3.7539
2019/9/30,2.2846,2.428,2.5628,2.787,3.0123,3.1703,3.1411,3.7501
2019/10/8,2.25,2.4279,2.5513,2.7845,2.9971,3.1435,3.1063,3.7257
2019/10/9,2.2452,2.4163,2.5643,2.7706,2.9998,3.1411,3.1089,3.7258
2019/10/10,2.2379,2.416,2.5651,2.7654,3.0188,3.1587,3.1289,3.7458
2019/10/11,2.271,2.4341,2.5551,2.7719,3.0385,3.1742,3.1564,3.7638
2019/10/12,2.2839,2.4408,2.5546,2.7832,3.0466,3.1844,3.1716,3.7885
2019/10/14,2.2907,2.4769,2.5264,2.7834,3.0467,3.1816,3.1641,3.7811
2019/10/15,2.2973,2.4654,2.5499,2.7886,3.0524,3.1889,3.1668,3.796
2019/10/16,2.3063,2.4831,2.5591,2.7964,3.0074,3.1842,3.1693,3.7912
2019/10/17,2.2708,2.5033,2.5528,2.7855,3.0003,3.1717,3.1569,3.7839
2019/10/18,2.3517,2.5048,2.5678,2.7908,2.9803,3.1945,3.187,3.8188
2019/10/21,2.362,2.5093,2.5857,2.8134,3.0287,3.2198,3.2196,3.8464
2019/10/22,2.3692,2.5277,2.5784,2.82,3.0415,3.2198,3.2196,3.8416
2019/10/23,2.4261,2.5304,2.6255,2.8204,3.0266,3.2147,3.2122,3.8369
2019/10/24,2.4322,2.5281,2.6387,2.81,3.0246,3.2174,3.2196,3.8368
2019/10/25,2.4023,2.5525,2.6204,2.8152,3.0273,3.2309,3.2372,3.8564
2019/10/28,2.4701,2.5762,2.6318,2.8452,3.0633,3.2809,3.2924,3.9054
2019/10/29,2.4772,2.5876,2.6369,2.8427,3.0839,3.2828,3.3029,3.9104
2019/10/30,2.4795,2.6113,2.6644,2.9142,3.1239,3.2994,3.3125,3.9158
2019/10/31,2.4819,2.6128,2.6648,2.9097,3.081,3.2679,3.288,3.8962
2019/11/1,2.5073,2.6257,2.6576,2.8806,3.0639,3.2538,3.2757,3.8815
2019/11/4,2.5061,2.6181,2.6654,2.9068,3.0896,3.2804,3.2954,3.8963
2019/11/5,2.4992,2.5986,2.6654,2.8858,3.0598,3.2368,3.2454,3.8589
2019/11/6,2.553,2.6117,2.6651,2.874,3.0655,3.2436,3.2555,3.8639
2019/11/7,2.5316,2.6234,2.6588,2.8902,3.0708,3.2486,3.2736,3.8803
2019/11/8,2.5072,2.5607,2.6579,2.8959,3.0656,3.2509,3.2765,3.8805
2019/11/11,2.4933,2.5444,2.6535,2.891,3.0485,3.2275,3.2463,3.8709
2019/11/12,2.4951,2.558,2.6599,2.8964,3.0563,3.22,3.255,3.8682
2019/11/13,2.5164,2.6388,2.6978,2.8909,3.0566,3.2128,3.237,3.8561
2019/11/14,2.5241,2.6511,2.6818,2.901,3.0645,3.224,3.2555,3.8733
2019/11/15,2.5185,2.6508,2.6877,2.8881,3.0517,3.2141,3.2355,3.8512
2019/11/18,2.5005,2.6067,2.6622,2.8617,3.0227,3.1787,3.1993,3.8118
2019/11/19,2.4719,2.5901,2.6473,2.848,2.9977,3.1537,3.1743,3.7776
2019/11/20,2.4686,2.5884,2.6427,2.8421,2.9827,3.1507,3.1747,3.7826
2019/11/21,2.4556,2.56,2.6385,2.8187,2.9684,3.1477,3.1749,3.7652
2019/11/22,2.4581,2.5614,2.6379,2.8154,2.9688,3.1494,3.1747,3.7627
2019/11/25,2.4708,2.5533,2.6471,2.8397,2.9949,3.1697,3.1875,3.7938
2019/11/26,2.4511,2.5519,2.6515,2.8401,2.9801,3.1562,3.1675,3.7819
2019/11/27,2.4749,2.5477,2.6369,2.8324,2.9853,3.1571,3.17,3.7864
2019/11/28,2.4388,2.5413,2.65,2.8354,2.9827,3.1489,3.165,3.7838
2019/11/29,2.4335,2.5323,2.6431,2.832,2.9755,3.1489,3.165,3.7718
2019/12/2,2.4097,2.5495,2.6506,2.8504,3.0065,3.1753,3.2062,3.7985
2019/12/3,2.4435,2.5645,2.6365,2.8426,3.0047,3.1621,3.1746,3.7848
2019/12/4,2.4634,2.5404,2.6235,2.8357,2.9769,3.156,3.1751,3.7748
2019/12/5,2.4775,2.5465,2.6297,2.8445,2.9768,3.1585,3.1776,3.7808
2019/12/6,2.454,2.5536,2.6414,2.8327,2.987,3.1613,3.1751,3.7856
2019/12/9,2.4427,2.569,2.6386,2.8412,3.0028,3.1585,3.1903,3.7932
2019/12/10,2.4609,2.5608,2.636,2.835,3.0036,3.1627,3.1776,3.7834
2019/12/11,2.44,2.5658,2.6104,2.8268,2.9883,3.1528,3.1702,3.7787
2019/12/12,2.4107,2.5644,2.6104,2.8171,2.9839,3.1454,3.1652,3.7784
2019/12/13,2.4131,2.5596,2.6135,2.8192,2.992,3.1556,3.1828,3.7904
2019/12/16,2.4013,2.5255,2.6233,2.8168,2.9927,3.1559,3.1854,3.7956
2019/12/17,2.4143,2.5349,2.6306,2.8358,3.0105,3.1678,3.2133,3.82
2019/12/18,2.4207,2.552,2.6185,2.8055,3.0099,3.1667,3.2139,3.8271
2019/12/19,2.4096,2.5137,2.5969,2.7945,3.0002,3.1523,3.2139,3.8202
2019/12/20,2.3504,2.5099,2.5795,2.7795,2.9678,3.1368,3.1808,3.7813
2019/12/23,2.3038,2.49,2.5545,2.7841,2.9428,3.115,3.1661,3.7569
2019/12/24,2.3176,2.3781,2.5008,2.7617,2.9288,3.1074,3.1535,3.744
2019/12/25,2.2015,2.3431,2.4808,2.7685,2.9236,3.0929,3.1463,3.7307
2019/12/26,2.2002,2.2559,2.3918,2.7452,2.8881,3.0629,3.1137,3.7052
2019/12/27,2.0752,2.168,2.3788,2.7486,2.8851,3.0663,3.1292,3.7114
2019/12/30,2.0074,2.1268,2.3623,2.7514,2.8872,3.0645,3.1322,3.7207
2019/12/31,2.0074,2.166,2.3631,2.7321,2.8897,3.0353,3.1365,3.7149
2020/1/2,2.0092,2.1097,2.416,2.7458,2.9156,3.0657,3.1485,3.7324
2020/1/3,2.0067,2.0589,2.4359,2.7595,2.9353,3.0753,3.1428,3.7265
2020/1/6,2.06,2.1059,2.4121,2.718,2.9059,3.0683,3.1352,3.716
2020/1/7,2.0355,2.1046,2.4272,2.7029,2.9179,3.0709,3.1379,3.7213
2020/1/8,2.004,2.0649,2.3,2.6585,2.902,3.0569,3.1337,3.7122
2020/1/9,2.0002,2.1237,2.3042,2.6686,2.8961,3.0466,3.1184,3.6973
2020/1/10,1.9978,2.1143,2.2744,2.6776,2.8643,3.0326,3.0819,3.6686
2020/1/13,1.9846,2.1303,2.2807,2.6889,2.8703,3.0444,3.084,3.6682
2020/1/14,2.0132,2.1421,2.3009,2.7053,2.8936,3.055,3.0994,3.6804
2020/1/15,2.056,2.1893,2.2854,2.7033,2.889,3.0497,3.0897,3.6783
2020/1/16,2.15,2.2064,2.2721,2.7015,2.8867,3.0499,3.0918,3.6783
2020/1/17,2.0953,2.2114,2.2618,2.7005,2.8697,3.0232,3.0832,3.6687
2020/1/19,2.0903,2.2064,2.2627,2.6683,2.8699,3.0219,3.078,3.6687
2020/1/20,2.0558,2.1742,2.2019,2.6233,2.8592,2.999,3.0776,3.6588
2020/1/21,2.0542,2.1054,2.2058,2.6133,2.8174,2.9706,3.0337,3.6036
2020/1/22,2.0528,2.0872,2.181,2.6008,2.8242,2.9724,3.0282,3.6146
2020/1/23,2.035,2.0783,2.181,2.5877,2.7883,2.9379,2.9932,3.5746
2020/2/3,1.78,1.8217,2.091,2.3978,2.6269,2.7776,2.8231,3.4252
2020/2/4,1.7475,1.763,2.1,2.4056,2.6399,2.7906,2.8551,3.4488
2020/2/5,1.7475,1.7667,2.0773,2.4264,2.6348,2.7893,2.844,3.446
2020/2/6,1.7496,1.7667,2.0593,2.4327,2.6353,2.7844,2.8392,3.4437
2020/2/7,1.6786,1.68,2.0525,2.4039,2.5917,2.7666,2.8024,3.4059
2020/2/10,1.6272,1.6641,2,2.3851,2.5642,2.756,2.7872,3.3993
2020/2/11,1.6263,1.684,1.99,2.4153,2.5956,2.7803,2.834,3.4363
2020/2/12,1.657,1.7046,1.99,2.4223,2.6067,2.7887,2.8333,3.4389
2020/2/13,1.6325,1.7366,1.981,2.4218,2.6076,2.7867,2.8201,3.432
2020/2/14,1.6712,1.7977,1.9613,2.4225,2.6229,2.7977,2.8631,3.4659
2020/2/17,1.705,1.815,1.9358,2.4389,2.6545,2.8151,2.8928,3.4998
2020/2/18,1.744,1.8151,1.9358,2.4303,2.6473,2.8199,2.8664,3.4748
2020/2/19,1.7535,1.7999,1.9365,2.4395,2.6545,2.8468,2.8776,3.4748
2020/2/20,1.7741,1.8093,1.9459,2.4268,2.6834,2.8483,2.8857,3.4999
2020/2/21,1.7744,1.8031,1.9309,2.4068,2.6634,2.8332,2.847,3.46
2020/2/24,1.7795,1.8174,1.8853,2.3948,2.6311,2.8199,2.812,3.4309
2020/2/25,1.7715,1.8401,1.8951,2.3835,2.6384,2.82,2.822,3.4421
2020/2/26,1.7556,1.8488,1.8863,2.3835,2.6283,2.8196,2.7973,3.4271
2020/2/27,1.751,1.8922,1.9051,2.3821,2.5953,2.8044,2.7702,3.404
2020/2/28,1.7865,1.8894,1.9291,2.3831,2.5266,2.7477,2.7376,3.3726
2020/3/2,1.7825,1.8871,1.9251,2.3951,2.5372,2.7548,2.7428,3.3836
2020/3/3,1.7831,1.8671,1.958,2.4051,2.5315,2.7646,2.7478,3.3846
2020/3/4,1.7534,1.8522,1.943,2.295,2.4843,2.6946,2.673,3.3425
2020/3/5,1.7547,1.8476,1.943,2.2815,2.4918,2.6898,2.6829,3.353
2020/3/6,1.6886,1.75,1.913,2.2265,2.4575,2.6231,2.628,3.3061
2020/3/9,1.6523,1.6903,1.8806,2.1465,2.3606,2.5158,2.5205,3.1449
2020/3/10,1.6661,1.6991,1.9068,2.187,2.4591,2.6102,2.613,3.2398
2020/3/11,1.7001,1.7211,1.9154,2.2267,2.4539,2.6148,2.6079,3.2118
2020/3/12,1.6994,1.7625,1.9166,2.2471,2.4769,2.6352,2.6379,3.2277
2020/3/13,1.6705,1.7953,1.9234,2.2572,2.5381,2.695,2.6759,3.3002
2020/3/16,1.6802,1.7573,1.8954,2.2511,2.5224,2.6871,2.6758,3.2832
2020/3/17,1.627,1.7622,1.8954,2.2507,2.5508,2.7044,2.7135,3.34
2020/3/18,1.6002,1.7673,1.9154,2.2612,2.5443,2.7063,2.7136,3.355
2020/3/19,1.5704,1.7607,1.8853,2.251,2.5546,2.7236,2.7299,3.3701
2020/3/20,1.5168,1.7049,1.8682,2.2429,2.5217,2.6999,2.6815,3.3301
2020/3/23,1.516,1.6749,1.8482,2.2032,2.4672,2.6591,2.6315,3.2753
2020/3/24,1.516,1.6348,1.8081,2.1639,2.4497,2.6495,2.6289,3.2704
2020/3/25,1.4522,1.6288,1.7686,2.1265,2.4373,2.6444,2.6289,3.2604
2020/3/26,1.4003,1.5773,1.7175,2.0824,2.3714,2.5949,2.594,3.2255
2020/3/27,1.4026,1.5273,1.7412,2.0713,2.4038,2.6074,2.609,3.2405
2020/3/30,1.4097,1.4777,1.7362,2.0454,2.3828,2.6148,2.6142,3.2408
2020/3/31,1.4062,1.4282,1.687,2.0086,2.3372,2.5638,2.5899,3.2107
2020/4/1,1.3001,1.4282,1.6778,1.9821,2.3119,2.5287,2.555,3.1857
2020/4/2,1.2837,1.3827,1.6548,2.0093,2.3366,2.5552,2.5854,3.2208
2020/4/3,1.2386,1.32,1.6548,2.0076,2.3142,2.5546,2.5965,3.2507
2020/4/7,1.0998,1.1,1.3448,1.7925,2.1776,2.4736,2.5112,3.1761
2020/4/8,1.05,1.06,1.2044,1.6958,2.0454,2.4077,2.4824,3.161
2020/4/9,1.0501,1.0806,1.2044,1.7177,2.0776,2.4479,2.5226,3.2313
2020/4/10,1.1026,1.1101,1.24,1.7615,2.115,2.4673,2.5403,3.271
2020/4/13,1.1112,1.1164,1.2643,1.7569,2.0717,2.4863,2.5658,3.2762
2020/4/14,1.0905,1.1328,1.2331,1.7035,2.0423,2.4735,2.5591,3.2835
2020/4/15,1.0501,1.1271,1.225,1.6604,2.028,2.4535,2.5455,3.2911
2020/4/16,1.005,1.0907,1.2088,1.6392,2.0236,2.4379,2.5276,3.2765
2020/4/17,0.9319,1.0987,1.2257,1.6271,2.0293,2.4595,2.559,3.306
2020/4/20,0.9075,1.0675,1.2025,1.605,2.0262,2.4912,2.592,3.3753
2020/4/21,0.8562,1.0318,1.1826,1.5561,1.9871,2.4775,2.5791,3.361
2020/4/22,0.8944,1.0272,1.1352,1.521,1.8665,2.4475,2.5567,3.3412
2020/4/23,0.856,1.0129,1.1228,1.4707,1.8372,2.3564,2.5227,3.2916
2020/4/24,0.8581,1.0165,1.1279,1.4082,1.8385,2.3273,2.51,3.2817
2020/4/26,0.8591,1.0192,1.1324,1.4076,1.8424,2.3376,2.5205,3.2842
2020/4/27,0.8408,1.0088,1.13,1.4182,1.8633,2.3769,2.5345,3.3043
2020/4/28,0.8408,0.9938,1.1338,1.4095,1.8463,2.3646,2.5254,3.3019
2020/4/29,0.8352,0.9692,1.1177,1.4279,1.7903,2.3253,2.5009,3.287
2020/4/30,0.8923,0.9978,1.1465,1.4395,1.7886,2.3639,2.538,3.3242
2020/5/6,0.9068,1.0121,1.1616,1.5006,1.8361,2.4291,2.5809,3.3669
2020/5/7,0.8785,1.0774,1.1919,1.5304,1.926,2.5003,2.6298,3.4063
2020/5/8,0.9085,1.05,1.2134,1.5519,1.9362,2.4888,2.6207,3.4063
2020/5/9,0.9297,1.0618,1.2097,1.5641,1.9468,2.5004,2.64,3.4213
2020/5/11,0.9601,1.0829,1.2194,1.6117,2.0187,2.5481,2.6698,3.4564
2020/5/12,0.9309,1.0707,1.2225,1.6023,2.0247,2.5381,2.6603,3.4514
2020/5/13,1.0002,1.1281,1.2381,1.6004,2.051,2.5627,2.7076,3.4802
2020/5/14,1.0005,1.1552,1.2334,1.5961,2.0131,2.5575,2.6989,3.489
2020/5/15,1.0076,1.157,1.2186,1.58,1.9702,2.5281,2.682,3.4963
2020/5/18,1.0414,1.1701,1.2561,1.6105,2.0592,2.5946,2.7253,3.5434
2020/5/19,1.0307,1.2016,1.2787,1.6296,2.1163,2.6157,2.7272,3.5362
2020/5/20,1.1012,1.2378,1.3128,1.629,2.1278,2.6106,2.69,3.5118
2020/5/21,1.1032,1.2465,1.3328,1.6716,2.1576,2.6092,2.685,3.5072
2020/5/22,1.1202,1.3009,1.3923,1.6368,2.045,2.5268,2.6176,3.4434
2020/5/25,1.1665,1.3261,1.4574,1.7059,2.1377,2.5931,2.6852,3.4934
2020/5/26,1.172,1.3604,1.529,1.7614,2.2295,2.6551,2.7402,3.5283
2020/5/27,1.4074,1.5046,1.589,1.922,2.2956,2.6858,2.7527,3.5181
2020/5/28,1.4198,1.5134,1.5995,1.8999,2.2562,2.6749,2.7201,3.5033
2020/5/29,1.4627,1.5542,1.601,1.8938,2.2241,2.6371,2.7053,3.4934
2020/6/1,1.458,1.5543,1.5897,1.902,2.2369,2.6643,2.7253,3.5035
2020/6/2,1.4821,1.6133,1.7018,2.039,2.3658,2.7436,2.7852,3.5584
2020/6/3,1.6675,1.8133,1.8201,2.2858,2.372,2.8643,2.7901,3.5685
2020/6/4,1.6879,1.9133,1.9201,2.3296,2.4656,2.885,2.8301,3.5934
2020/6/5,1.7652,2.0179,2.0801,2.3856,2.5258,2.9,2.8475,3.6034
2020/6/8,1.8743,1.9905,2.0801,2.3492,2.4969,2.8525,2.8101,3.5837
2020/6/9,1.8469,1.9766,2.0521,2.301,2.5002,2.85,2.8031,3.5863
2020/6/10,1.9026,2.0009,2.0677,2.3342,2.5134,2.84,2.8201,3.5837
2020/6/11,1.8991,1.9584,2.0723,2.3127,2.4818,2.8,2.7701,3.5236
2020/6/12,1.8698,1.8504,2.0504,2.2931,2.469,2.785,2.7451,3.5012
2020/6/15,1.84,1.8504,2.0364,2.2881,2.5118,2.7802,2.7878,3.5236
2020/6/16,1.8401,1.9537,2.0757,2.3572,2.5993,2.88,2.8402,3.5736
2020/6/17,1.9009,2.1384,2.1117,2.3925,2.6455,2.93,2.8802,3.5972
2020/6/18,1.8806,2.1339,2.1156,2.3811,2.6136,2.88,2.8527,3.5836
2020/6/19,1.8239,2.1337,2.1203,2.4004,2.6227,2.88,2.8752,3.6112
2020/6/22,1.8621,2.1749,2.145,2.4608,2.6681,2.9055,2.9153,3.626
2020/6/23,1.9054,2.1921,2.223,2.4776,2.6517,2.915,2.9127,3.6235
2020/6/24,1.8839,2.1215,2.1495,2.439,2.5861,2.87,2.8614,3.5888
2020/6/28,1.8691,2.1217,2.1261,2.4333,2.5723,2.855,2.8404,3.574
2020/6/29,1.7467,2.0905,2.1144,2.3967,2.591,2.8525,2.8504,3.5916
2020/6/30,1.7385,2.071,2.1764,2.3882,2.5542,2.8202,2.823,3.5591
2020/7/1,1.7067,2.0579,2.1276,2.4036,2.5976,2.8265,2.8456,3.5766
2020/7/2,1.7299,2.0599,2.0976,2.3897,2.5753,2.8228,2.8584,3.579
2020/7/3,1.7016,2.0487,2.0976,2.3878,2.6084,2.8628,2.8974,3.6139
2020/7/6,1.719,2.0792,2.1263,2.6016,2.751,2.9676,2.9959,3.6887
2020/7/7,1.7455,2.0785,2.1513,2.6276,2.7925,2.9922,3.0158,3.7087
2020/7/8,1.8606,2.0868,2.16,2.6679,2.8522,2.996,3.0632,3.7435
2020/7/9,1.9821,2.1284,2.2256,2.7143,2.8995,3.0618,3.0809,3.7687
2020/7/10,2.1012,2.11,2.2165,2.6894,2.8423,3.0209,3.0305,3.7439
2020/7/13,2.1063,2.1151,2.208,2.7154,2.8905,3.0599,3.0557,3.759
2020/7/14,2.0499,2.0502,2.198,2.6959,2.8272,3.0323,3.0057,3.737
2020/7/15,2.0321,2.0415,2.2,2.6051,2.7402,3.0098,2.9559,3.7048
2020/7/16,2.0242,2.0619,2.1534,2.5541,2.7133,2.9798,2.9459,3.6949
2020/7/17,2.0296,2.0512,2.2256,2.5141,2.7022,2.9799,2.9507,3.6998
2020/7/20,1.9934,2.0439,2.254,2.5256,2.67,2.9797,2.9311,3.6953
2020/7/21,1.9876,2.0133,2.2455,2.4641,2.6326,2.9348,2.9011,3.6653
2020/7/22,2.0001,1.9936,2.2552,2.4655,2.6253,2.885,2.8861,3.6402
2020/7/23,1.9642,2.0234,2.2538,2.4862,2.6379,2.8832,2.9064,3.66
2020/7/24,1.9613,2.0048,2.2446,2.4556,2.5999,2.8513,2.8612,3.6
2020/7/27,1.9507,2.0157,2.2461,2.4769,2.6284,2.8538,2.8791,3.5973
2020/7/28,2.005,2.0306,2.2565,2.481,2.6762,2.9028,2.9214,3.6449
2020/7/29,1.9994,2.0336,2.2459,2.5069,2.6829,2.9229,2.9415,3.6645
2020/7/30,1.9799,2.0336,2.2461,2.5061,2.6794,2.9424,2.9364,3.6648
2020/7/31,1.9799,2.0836,2.2428,2.5152,2.7022,2.97,2.9664,3.7031
2020/8/3,1.9415,2.0836,2.1565,2.5443,2.6845,2.9896,2.9466,3.6945
2020/8/4,2.0142,2.1236,2.1746,2.5867,2.7007,2.9845,2.9365,3.6945
2020/8/5,2.05,2.1949,2.2288,2.662,2.7638,3.0169,2.9592,3.718
2020/8/6,2.0604,2.2052,2.2356,2.6788,2.8211,3.0345,2.9816,3.7498
2020/8/7,2.0615,2.2092,2.2225,2.687,2.8311,3.0393,2.9918,3.7685
2020/8/10,2.0812,2.2092,2.2001,2.6667,2.806,3.0094,2.9543,3.7255
2020/8/11,2.0889,2.195,2.2213,2.6781,2.8267,3.0093,2.9544,3.7198
2020/8/12,2.1467,2.235,2.2415,2.7177,2.865,3.0242,2.962,3.7293
2020/8/13,2.1485,2.2458,2.2522,2.6967,2.8397,3.0093,2.9555,3.7198
2020/8/14,2.1319,2.2968,2.2744,2.6746,2.8209,2.9943,2.9369,3.7021
2020/8/17,2.1242,2.2891,2.265,2.6926,2.8106,2.9795,2.9421,3.6949
2020/8/18,2.1174,2.2909,2.2754,2.6975,2.8458,2.9997,2.9771,3.7189
2020/8/19,2.1536,2.3897,2.4369,2.7303,2.8844,3.0343,2.9921,3.7342
2020/8/20,2.1831,2.4698,2.4237,2.7677,2.9115,3.0591,2.9973,3.7448
2020/8/21,2.1961,2.4829,2.4336,2.7518,2.8754,3.0291,2.9823,3.7112
2020/8/24,2.2,2.4987,2.4437,2.7952,2.8976,3.0492,2.9998,3.7296
2020/8/25,2.1698,2.5192,2.4742,2.8614,2.9454,3.0842,3.0424,3.7501
2020/8/26,2.2027,2.5199,2.4854,2.8779,2.9751,3.0991,3.0511,3.7549
2020/8/27,2.2199,2.5199,2.4961,2.9057,2.982,3.1189,3.0599,3.7643
2020/8/28,2.2478,2.5043,2.4869,2.9077,2.9902,3.1387,3.0672,3.7748
2020/8/31,2.2335,2.5297,2.5123,2.8928,2.9549,3.0983,3.0177,3.7343
2020/9/1,2.2348,2.5199,2.5203,2.922,2.9811,3.1528,3.0478,3.7603
2020/9/2,2.2755,2.5359,2.5563,2.9641,3.0526,3.2054,3.1027,3.7812
2020/9/3,2.2779,2.5359,2.5712,2.9585,3.0842,3.1906,3.1051,3.7814
2020/9/4,2.2795,2.5459,2.5885,2.9871,3.1008,3.2082,3.1228,3.803
2020/9/7,2.3757,2.5909,2.6151,2.9968,3.1074,3.2085,3.1454,3.832
2020/9/8,2.3633,2.58,2.5969,2.9862,3.0846,3.1958,3.123,3.8204
2020/9/9,2.3873,2.6549,2.603,2.9363,3.0323,3.1531,3.0805,3.7891
2020/9/10,2.3617,2.6,2.573,2.8839,2.999,3.1484,3.0833,3.8128
2020/9/11,2.3232,2.6005,2.5964,2.9092,3.0371,3.1886,3.1346,3.8234
2020/9/14,2.2859,2.5999,2.6051,2.8955,3.0608,3.1987,3.1532,3.8291
2020/9/15,2.2871,2.5722,2.5934,2.8514,3.0008,3.1586,3.1083,3.81
2020/9/16,2.3333,2.5683,2.6114,2.8457,2.9944,3.1785,3.126,3.8276
2020/9/17,2.3316,2.577,2.6124,2.8566,3.0157,3.1933,3.1334,3.8251
2020/9/18,2.3218,2.5771,2.6088,2.83,2.971,3.1682,3.1162,3.8301
2020/9/21,2.2852,2.5782,2.6127,2.804,2.9414,3.1435,3.0999,3.8153
2020/9/22,2.3201,2.5611,2.6082,2.8164,2.9374,3.1238,3.0863,3.8053
2020/9/23,2.2718,2.5598,2.6282,2.8207,2.9433,3.1334,3.089,3.8103
2020/9/24,2.2215,2.5677,2.5942,2.8422,2.955,3.1284,3.084,3.8029
2020/9/25,2.2131,2.5677,2.6116,2.8754,3.0015,3.1589,3.1295,3.8329
2020/9/27,2.2067,2.5613,2.6005,2.8825,3.0086,3.1544,3.1324,3.8305
2020/9/28,2.215,2.5662,2.6075,2.8868,3.0007,3.1607,3.1092,3.8205
2020/9/29,2.3109,2.6043,2.6381,2.8899,3.0245,3.1879,3.1292,3.833
2020/9/30,2.3213,2.5999,2.6462,2.9301,3.0537,3.2126,3.1482,3.8481
2020/10/9,2.3662,2.6009,2.7017,2.9897,3.1147,3.2619,3.1873,3.8834
2020/10/10,2.3443,2.601,2.7017,2.9872,3.1144,3.2664,3.1898,3.8822
2020/10/12,2.3747,2.6482,2.6937,3.0005,3.0893,3.2665,3.1861,3.8709
2020/10/13,2.3731,2.6576,2.6959,3.0026,3.1072,3.2812,3.195,3.8835
2020/10/14,2.5231,2.6999,2.7189,3.0188,3.1393,3.2915,3.215,3.8985
2020/10/15,2.6124,2.6998,2.6882,3.019,3.1655,3.2921,3.23,3.9035
2020/10/16,2.6137,2.6897,2.6961,3.0159,3.1557,3.2773,3.2202,3.9086
2020/10/19,2.6213,2.6893,2.6973,2.997,3.131,3.2571,3.2005,3.9012
2020/10/20,2.6238,2.6892,2.7047,2.9955,3.1196,3.2473,3.1955,3.8963
2020/10/21,2.6355,2.6836,2.6848,2.9666,3.04,3.2324,3.1855,3.8888
2020/10/22,2.6327,2.6823,2.6461,2.9255,2.98,3.2127,3.1707,3.8713
2020/10/23,2.6359,2.6882,2.6821,2.96,3,3.2421,3.1957,3.8888
2020/10/26,2.6453,2.6872,2.6917,2.9679,3.0077,3.2517,3.1934,3.8864
2020/10/27,2.6459,2.7245,2.6867,2.9372,2.9702,3.2167,3.1609,3.8615
2020/10/28,2.6631,2.7897,2.7228,2.959,2.9953,3.2558,3.181,3.8715
2020/10/29,2.656,2.7695,2.7191,2.9524,2.9904,3.2558,3.186,3.874
2020/10/30,2.662,2.7845,2.7273,2.9459,2.9755,3.2411,3.181,3.8615
2020/11/2,2.6647,2.7794,2.7525,2.9462,2.9757,3.2364,3.1785,3.8465
2020/11/3,2.6364,2.7392,2.7322,2.932,2.9633,3.2268,3.1762,3.8465
2020/11/4,2.6591,2.739,2.7347,2.9378,2.9761,3.2073,3.1687,3.834
2020/11/5,2.6633,2.7487,2.7481,2.9602,2.9986,3.2228,3.1912,3.8541
2020/11/6,2.6513,2.7595,2.7832,2.9702,3.0341,3.2354,3.2063,3.8716
2020/11/9,2.6578,2.7688,2.7944,2.9852,3.0572,3.2628,3.2363,3.8916
2020/11/10,2.6564,2.7543,2.7882,2.9602,3.0426,3.2503,3.2241,3.8867
2020/11/11,2.7113,2.8,2.8009,2.9702,3.0528,3.2584,3.2391,3.8942
2020/11/12,2.756,2.8297,2.8287,2.9902,3.0832,3.283,3.2614,3.9016
2020/11/13,2.7926,2.8599,2.8464,3.0053,3.0984,3.2885,3.2715,3.9066
2020/11/16,2.6887,2.8298,2.8497,3.0109,3.1039,3.2956,3.2741,3.9041
2020/11/17,2.6887,2.8348,2.8634,3.0259,3.1242,3.3034,3.2866,3.9116
2020/11/18,2.7526,2.8676,2.94,3.0603,3.167,3.3292,3.324,3.9289
2020/11/19,2.808,2.8843,2.9433,3.11,3.2145,3.3589,3.3487,3.9412
2020/11/20,2.9216,3.0226,2.9503,3.1201,3.191,3.3385,3.31,3.9316
2020/11/23,2.8924,2.9742,2.951,3.0751,3.1337,3.303,3.265,3.9018
2020/11/24,2.9023,2.9942,2.969,3.1001,3.1691,3.3256,3.29,3.9041
2020/11/25,2.9031,2.9999,2.9461,3.0754,3.134,3.3031,3.2675,3.8867
2020/11/26,2.9279,2.9848,2.9357,3.0755,3.142,3.3134,3.285,3.8992
2020/11/27,2.9274,2.9698,2.9104,3.0837,3.1522,3.3189,3.3,3.9041
2020/11/30,2.8599,2.8903,2.831,2.9967,3.0708,3.2642,3.25,3.8668
2020/12/1,2.8801,2.8203,2.8457,3.0061,3.0915,3.2843,3.2725,3.8817
2020/12/2,2.8707,2.8403,2.8608,3.0519,3.125,3.2943,3.2925,3.8942
2020/12/3,2.8616,2.8603,2.8761,3.0473,3.1305,3.28,3.2851,3.8816
2020/12/4,2.8551,2.8738,2.8708,3.0348,3.1156,3.2701,3.2651,3.8566
2020/12/7,2.834,2.8509,2.8614,3.042,3.1261,3.2738,3.2701,3.8545
2020/12/8,2.8103,2.8315,2.8417,3.0115,3.1121,3.2575,3.2551,3.8313
2020/12/9,2.7421,2.8014,2.8449,3.0097,3.1257,3.27,3.2726,3.8234
2020/12/10,2.7135,2.7626,2.8047,2.9623,3.105,3.26,3.2601,3.8262
2020/12/11,2.7221,2.8082,2.8334,2.9969,3.1403,3.3,3.2951,3.8434
2020/12/14,2.6999,2.786,2.8245,2.9833,3.126,3.285,3.2851,3.8383
2020/12/15,2.6754,2.7557,2.7888,2.9593,3.0989,3.2775,3.2777,3.8361
2020/12/16,2.6,2.7227,2.7312,2.9271,3.0802,3.2702,3.2752,3.8361
2020/12/17,2.6,2.6887,2.7273,2.9528,3.1025,3.2776,3.2802,3.8412
2020/12/18,2.5802,2.6837,2.7267,2.9642,3.11,3.2804,3.2902,3.8283
2020/12/21,2.533,2.6535,2.6919,2.9284,3.0735,3.2602,3.2652,3.8185
2020/12/22,2.5113,2.6045,2.6695,2.901,3.0353,3.2156,3.2278,3.7862
2020/12/23,2.4711,2.5884,2.6551,2.8885,3.0237,3.22,3.2153,3.7839
2020/12/24,2.4806,2.567,2.6501,2.9097,3.0439,3.235,3.2303,3.8014
2020/12/25,2.4739,2.57,2.6096,2.8856,3.003,3.195,3.1878,3.7743
2020/12/28,2.4027,2.5667,2.5671,2.8552,2.9953,3.1851,3.1629,3.7571
2020/12/29,2.3633,2.5165,2.5486,2.8505,2.9879,3.18,3.1554,3.7445
2020/12/30,2.3502,2.5121,2.5036,2.7943,2.931,3.1451,3.1204,3.7172
2020/12/31,2.2824,2.4316,2.4739,2.8174,2.9512,3.1699,3.1429,3.7268
2021/1/4,2.1518,2.3646,2.4952,2.8784,2.9961,3.2124,3.178,3.7593
2021/1/5,2.1029,2.3465,2.4714,2.84,2.9459,3.175,3.1305,3.7222
2021/1/6,2.0034,2.2397,2.4109,2.7911,2.9335,3.145,3.1256,3.7197
2021/1/7,1.9879,2.21,2.3568,2.768,2.9252,3.13,3.1256,3.7198
2021/1/8,1.897,2.1675,2.3568,2.7768,2.9471,3.1525,3.1456,3.7372
2021/1/11,1.8756,2.1172,2.3653,2.7939,2.9682,3.17,3.1632,3.7496
2021/1/12,1.9029,2.13,2.335,2.7499,2.9452,3.1476,3.1457,3.7398
2021/1/13,1.8825,2.0814,2.2914,2.6975,2.8987,3.1105,3.1157,3.7201
2021/1/14,1.8529,2.0441,2.3405,2.7305,2.895,3.0918,3.1059,3.7076
2021/1/15,1.8529,2.066,2.3843,2.7875,2.9634,3.1478,3.1508,3.7423
2021/1/18,1.9013,2.125,2.45,2.8422,3.0078,3.1749,3.1658,3.7496
2021/1/19,2.0313,2.1703,2.4859,2.8272,2.993,3.1601,3.1609,3.7472
2021/1/20,2.0513,2.175,2.47,2.8014,2.9584,3.1491,3.161,3.7369
2021/1/21,2.0318,2.1555,2.4475,2.76,2.9244,3.1216,3.1335,3.7198
2021/1/22,2.0316,2.1355,2.4525,2.7645,2.9373,3.1112,3.1185,3.7156
2021/1/25,2.0525,2.1492,2.4911,2.7844,2.9558,3.1325,3.1323,3.7199
2021/1/26,2.2014,2.2589,2.5575,2.8433,2.999,3.1649,3.1585,3.7371
2021/1/27,2.3514,2.3539,2.588,2.8415,2.9942,3.1699,3.1636,3.7344
2021/1/28,2.6999,2.5543,2.6957,2.8915,3.033,3.2,3.1961,3.7514
2021/1/29,2.5931,2.5256,2.6799,2.8849,3.0006,3.18,3.1786,3.7391
2021/2/1,2.4501,2.4235,2.6043,2.8464,2.9899,3.1725,3.1712,3.7342
2021/2/2,2.4001,2.4001,2.6227,2.8669,3.0102,3.1829,3.1862,3.7415
2021/2/3,2.4151,2.43,2.6938,2.907,3.0547,3.21,3.2112,3.7588
2021/2/4,2.4351,2.4772,2.7155,2.9206,3.0851,3.2222,3.2347,3.7711
2021/2/5,2.4551,2.49,2.7021,2.9136,3.0695,3.2046,3.2164,3.7715
2021/2/7,2.4601,2.4807,2.6928,2.9137,3.0775,3.1984,3.2168,3.7664
2021/2/8,2.4701,2.4802,2.6968,2.9072,3.0922,3.2143,3.237,3.7787
2021/2/9,2.2999,2.3663,2.6772,2.8756,3.0731,3.1965,3.2303,3.7686
2021/2/10,2.21,2.3663,2.6559,2.8764,3.0824,3.2157,3.2449,3.776
2021/2/18,2.1056,2.3802,2.6916,2.9212,3.1158,3.2498,3.2831,3.7982
2021/2/19,2.0274,2.3302,2.6512,2.8922,3.079,3.2269,3.2578,3.7809
2021/2/20,2.0174,2.2902,2.6249,2.879,3.0783,3.2275,3.2605,3.7834
2021/2/22,2.0488,2.2852,2.6225,2.8935,3.0938,3.2361,3.2736,3.7984
2021/2/23,2.0194,2.2813,2.607,2.8802,3.0846,3.2282,3.2635,3.7987
2021/2/24,2,2.245,2.5935,2.8746,3.0738,3.2363,3.2627,3.8038
2021/2/25,1.9703,2.2363,2.5981,2.8822,3.0934,3.2543,3.2723,3.8087
2021/2/26,1.9879,2.2508,2.6036,2.9028,3.105,3.2618,3.2798,3.8111
2021/3/1,2.0012,2.2472,2.6096,2.8985,3.0805,3.2295,3.2475,3.7761
2021/3/2,2.0857,2.2907,2.6169,2.8941,3.0867,3.2314,3.2474,3.7761
2021/3/3,2.077,2.3104,2.6203,2.9173,3.0913,3.2332,3.2553,3.7785
2021/3/4,2.0687,2.3104,2.6365,2.9362,3.1078,3.2413,3.2655,3.7833
2021/3/5,2.0591,2.1904,2.639,2.9194,3.0874,3.2194,3.2457,3.7633
2021/3/8,2.0512,2.2908,2.654,2.9353,3.0898,3.2204,3.2404,3.7609
2021/3/9,2.074,2.3028,2.634,2.9552,3.1015,3.2298,3.2478,3.7633
2021/3/10,2.0656,2.3222,2.6264,2.9447,3.086,3.2193,3.2353,3.761
2021/3/11,2.0467,2.3355,2.6288,2.9616,3.0949,3.2286,3.2506,3.7582
2021/3/12,2.0551,2.3698,2.6407,2.9582,3.0999,3.2329,3.2613,3.7631
2021/3/15,2.0476,2.37,2.675,2.9706,3.0999,3.2438,3.274,3.7705
2021/3/16,2.0502,2.3728,2.6663,2.9581,3.0699,3.2314,3.2614,3.7605
2021/3/17,2.0629,2.3445,2.6429,2.9405,3.0635,3.2265,3.2564,3.7504
2021/3/18,2.0513,2.3456,2.6496,2.943,3.0687,3.2272,3.2592,3.7428
2021/3/19,2.0398,2.3433,2.6395,2.9205,3.054,3.2085,3.2364,3.7304
2021/3/22,2.0851,2.3663,2.626,2.9105,3.042,3.2092,3.2309,3.7255
2021/3/23,2.0744,2.3801,2.6209,2.8916,3.0324,3.1984,3.2105,3.7182
2021/3/24,2.051,2.3565,2.6059,2.876,3.0101,3.1828,3.193,3.7109
2021/3/25,2.0316,2.3515,2.5904,2.8735,3.0026,3.1742,3.1882,3.7085
2021/3/26,2.0025,2.3224,2.6073,2.886,3.0102,3.1806,3.1985,3.718
2021/3/29,2.0097,2.3201,2.6075,2.881,3.0058,3.1764,3.1962,3.7211
2021/3/30,2.024,2.3011,2.593,2.881,3.0163,3.1918,3.206,3.7285
2021/3/31,2.0245,2.284,2.577,2.8635,2.9836,3.1708,3.1887,3.7085
2021/4/1,1.9756,2.2641,2.5806,2.8685,2.9939,3.1819,3.196,3.7186
2021/4/2,1.9707,2.1841,2.58,2.8685,2.9993,3.1852,3.2013,3.7184
2021/4/6,1.9393,2.2108,2.5877,2.8825,3.0156,3.1963,3.2087,3.7234
2021/4/7,1.9154,2.2093,2.6105,2.8741,3.0363,3.2036,3.2215,3.7282
2021/4/8,1.9115,2.1898,2.6105,2.8793,3.039,3.2038,3.2221,3.7321
2021/4/9,1.9615,2.2398,2.5915,2.8695,3.0291,3.1885,3.2121,3.7234
2021/4/12,2.0115,2.2248,2.5843,2.8709,3.0116,3.1711,3.1948,3.711
2021/4/13,2.0416,2.1742,2.5643,2.8263,2.9746,3.137,3.1626,3.6925
2021/4/14,2.0583,2.1842,2.5679,2.8283,2.9774,3.1395,3.1651,3.685
2021/4/15,2.0886,2.1742,2.5379,2.8313,2.9853,3.1454,3.1728,3.678
2021/4/16,2.0701,2.1631,2.5295,2.8293,2.9777,3.1337,3.1631,3.6625
2021/4/19,2.0643,2.1383,2.5195,2.8119,2.9662,3.1248,3.1559,3.6525
2021/4/20,2.0655,2.1358,2.4995,2.7815,2.9574,3.1193,3.1554,3.645
2021/4/21,2.0481,2.107,2.4595,2.7487,2.9542,3.1205,3.153,3.63
2021/4/22,2.0396,2.0975,2.4495,2.7488,2.9597,3.1266,3.1614,3.645
2021/4/23,2.0276,2.0973,2.39,2.7433,2.9682,3.1349,3.1719,3.665
2021/4/25,2.0422,2.0935,2.3858,2.7483,2.9839,3.1494,3.1841,3.67
2021/4/26,1.9997,2.0979,2.4313,2.793,3.0006,3.1635,3.2024,3.69
2021/4/27,1.9729,2.0907,2.4226,2.7935,3.0062,3.1669,3.2078,3.69
2021/4/28,1.9284,2.0729,2.3964,2.7844,2.9912,3.157,3.1979,3.6925
2021/4/29,1.9116,2.0452,2.3799,2.7811,2.9814,3.1505,3.1872,3.685
2021/4/30,1.9251,2.0432,2.3591,2.7666,2.9615,3.1331,3.164,3.6701
2021/5/6,1.9428,2.0461,2.3266,2.7587,2.9451,3.1256,3.1507,3.6601
2021/5/7,1.8533,2.0156,2.32,2.734,2.9416,3.1256,3.1589,3.6551
2021/5/8,1.8573,2.0196,2.3193,2.7346,2.9369,3.1333,3.1582,3.6551
2021/5/10,1.8361,2.0195,2.3129,2.7208,2.9173,3.1187,3.146,3.6501
2021/5/11,1.8541,2.0261,2.3078,2.7232,2.915,3.1212,3.138,3.6426
2021/5/12,1.868,2.0303,2.2974,2.7213,2.9229,3.1062,3.131,3.6351
2021/5/13,1.9128,2.0491,2.3286,2.7418,2.9427,3.1062,3.1366,3.6376
2021/5/14,1.8842,2.0632,2.33,2.7475,2.9367,3.0901,3.1422,3.6351
2021/5/17,1.8497,2.1001,2.3504,2.7768,2.9591,3.0906,3.1524,3.6376
2021/5/18,1.8845,2.1177,2.3532,2.7722,2.9515,3.0808,3.1457,3.6301
2021/5/19,1.8834,2.1163,2.3506,2.7526,2.929,3.0586,3.1298,3.6126
2021/5/20,1.851,2.1229,2.3486,2.7307,2.9016,3.0386,3.1001,3.5926
2021/5/21,1.8218,2.0995,2.3272,2.7217,2.8919,3.0238,3.0876,3.5826
2021/5/24,1.8454,2.1075,2.3418,2.7363,2.8994,3.0316,3.085,3.5801
2021/5/25,1.9022,2.1094,2.3468,2.7378,2.8993,3.0317,3.085,3.5751
2021/5/26,1.9042,2.1009,2.3414,2.7285,2.8925,3.0238,3.06,3.5651
2021/5/27,1.9148,2.1017,2.3463,2.7466,2.9131,3.0436,3.0725,3.5776
2021/5/28,1.8953,2.1065,2.41,2.7648,2.9311,3.0585,3.0825,3.5801
2021/5/31,1.8864,2.1124,2.4113,2.7487,2.9245,3.0355,3.045,3.5652
2021/6/1,1.8343,2.0929,2.3725,2.7475,2.9193,3.0258,3.04,3.5602
2021/6/2,1.8507,2.0912,2.3804,2.7613,2.9453,3.0484,3.065,3.5802
2021/6/3,1.8511,2.0532,2.3663,2.7609,2.935,3.0408,3.055,3.5727
2021/6/4,1.8477,2.0693,2.3934,2.8087,2.9746,3.0807,3.0925,3.6002
2021/6/7,1.8663,2.1065,2.4116,2.8421,2.9943,3.103,3.11,3.6277
2021/6/8,1.8686,2.1161,2.4133,2.8453,3,3.11,3.11,3.6275
2021/6/9,1.9276,2.1471,2.4203,2.8453,2.9883,3.0957,3.1051,3.63
2021/6/10,1.8917,2.1209,2.424,2.8266,2.9828,3.1,3.1,3.6276
2021/6/11,1.9119,2.1559,2.4459,2.8485,3.0085,3.1229,3.1276,3.6625
2021/6/15,1.8649,2.1539,2.4699,2.8466,3.0044,3.12,3.1176,3.6601
2021/6/16,1.867,2.1679,2.4945,2.849,3.0101,3.13,3.1301,3.683
2021/6/17,1.9486,2.2023,2.5272,2.8548,3.0236,3.14,3.1401,3.7305
2021/6/18,1.9568,2.1998,2.5274,2.8406,2.9867,3.1109,3.1202,3.6948
2021/6/21,1.9519,2.1994,2.5202,2.8192,2.9615,3.0815,3.0953,3.6674
2021/6/22,1.9658,2.201,2.5252,2.8089,2.9598,3.0763,3.0877,3.6625
2021/6/23,1.9509,2.1912,2.5012,2.786,2.9514,3.0671,3.0853,3.6551
2021/6/24,1.9661,2.1948,2.469,2.7675,2.9489,3.0714,3.0828,3.6552
2021/6/25,1.9151,2.1855,2.4437,2.7614,2.9506,3.0783,3.0827,3.6502
2021/6/28,1.9109,2.1904,2.4705,2.7935,2.9708,3.0999,3.0903,3.668
2021/6/29,1.9122,2.2398,2.4564,2.7902,2.9579,3.0974,3.0853,3.6581
2021/6/30,1.8831,2.2161,2.4293,2.7781,2.9516,3.0949,3.0778,3.6582
2021/7/1,1.8732,2.2036,2.4189,2.7789,2.9601,3.0999,3.0878,3.6657
2021/7/2,1.8638,2.1945,2.3994,2.7722,2.9504,3.0949,3.0803,3.6656
2021/7/5,1.839,2.148,2.4136,2.7685,2.9489,3.0849,3.0754,3.6484
2021/7/6,1.823,2.148,2.4092,2.7708,2.957,3.0875,3.0854,3.6531
2021/7/7,1.8104,2.1147,2.401,2.7616,2.9353,3.06,3.0554,3.6207
2021/7/8,1.757,2.0593,2.3223,2.7108,2.8661,2.985,2.983,3.5529
2021/7/9,1.8171,2.0607,2.3474,2.7377,2.8888,3.0125,3.0105,3.5778
2021/7/12,1.8149,1.9897,2.3175,2.6636,2.7888,2.9404,2.9431,3.5282
2021/7/13,1.8536,1.9867,2.2958,2.6377,2.7815,2.9229,2.9256,3.5107
2021/7/14,1.8144,1.9879,2.2782,2.6466,2.7796,2.9375,2.9356,3.5159
2021/7/15,1.8603,1.9911,2.2927,2.6398,2.8155,2.9508,2.9557,3.5361
2021/7/16,1.8429,1.9542,2.2719,2.6301,2.7879,2.9404,2.9432,3.5263
2021/7/19,1.8192,1.9272,2.2629,2.6227,2.7701,2.9413,2.9483,3.5289
2021/7/20,1.8247,1.9069,2.2143,2.5959,2.7504,2.9188,2.9258,3.5114
2021/7/21,1.8398,1.9417,2.1833,2.5818,2.7473,2.9092,2.9184,3.5015
2021/7/22,1.8364,1.96,2.1551,2.5893,2.7543,2.9213,2.9284,3.5065
2021/7/23,1.8122,1.96,2.1119,2.5586,2.7426,2.9064,2.9134,3.4891
2021/7/26,1.7663,1.9599,2.1337,2.5327,2.7079,2.8568,2.8711,3.4542
2021/7/27,1.7455,1.9696,2.2109,2.5712,2.7328,2.9039,2.911,3.4867
2021/7/28,1.7727,1.9999,2.2135,2.6161,2.7438,2.9179,2.9312,3.5018
2021/7/29,1.7526,1.99,2.1621,2.5777,2.7192,2.8725,2.884,3.4793
2021/7/30,1.7614,1.9696,2.1346,2.5355,2.6872,2.8229,2.8363,3.4444
2021/8/2,1.7973,1.9589,2.1281,2.5162,2.6515,2.818,2.8212,3.4117
2021/8/3,1.7837,1.9443,2.1272,2.5442,2.6622,2.8326,2.8337,3.4144
2021/8/4,1.8412,1.9684,2.1448,2.5628,2.6738,2.8305,2.8338,3.4093
2021/8/5,1.8327,1.9691,2.1494,2.5567,2.6614,2.8027,2.7988,3.3769
2021/8/6,1.8548,1.9689,2.1514,2.5536,2.6631,2.815,2.8139,3.3818
2021/8/9,1.884,1.989,2.2054,2.6004,2.7131,2.86,2.8615,3.4167
2021/8/10,1.9041,1.9844,2.1843,2.5846,2.7157,2.8711,2.8766,3.4268
2021/8/11,1.9109,1.9982,2.194,2.5995,2.7382,2.8874,2.8841,3.4293
2021/8/12,1.9121,2.0052,2.1935,2.5748,2.7082,2.8599,2.8566,3.412
2021/8/13,1.9073,2,2.2209,2.5908,2.7152,2.8849,2.8792,3.4344
2021/8/16,1.8761,1.9888,2.2233,2.5977,2.7433,2.8998,2.8943,3.4445
2021/8/17,1.8846,1.9955,2.2164,2.5878,2.731,2.8873,2.8819,3.4321
2021/8/18,1.9083,1.9523,2.2252,2.5593,2.7012,2.8499,2.8494,3.4021
2021/8/19,1.9322,1.9523,2.238,2.5572,2.6889,2.8424,2.8395,3.3971
2021/8/20,1.9311,1.9583,2.2682,2.5711,2.7066,2.8573,2.852,3.4022
2021/8/23,1.9558,1.9788,2.3024,2.5764,2.7223,2.8723,2.8672,3.4098
2021/8/24,1.99,1.9801,2.2947,2.5656,2.7049,2.8598,2.8522,3.3998
2021/8/25,2.0699,2.0501,2.2995,2.5654,2.6975,2.8598,2.8547,3.4024
2021/8/26,2.08,2.0801,2.3247,2.5801,2.733,2.8898,2.8848,3.4249
2021/8/27,2.0719,2.0806,2.3235,2.5635,2.7132,2.8797,2.8698,3.4149
2021/8/30,2.0763,2.0908,2.3125,2.5551,2.6937,2.8597,2.8505,3.405
2021/8/31,2.0703,2.09,2.3105,2.5547,2.6811,2.8522,2.845,3.4027
2021/9/1,2.09,2.0901,2.2911,2.531,2.6466,2.8273,2.8226,3.3876
2021/9/2,2.0827,2.1,2.2993,2.5332,2.6565,2.8324,2.8301,3.3901
2021/9/3,2.0579,2.1,2.3122,2.5051,2.6625,2.8349,2.8327,3.3952
2021/9/6,2.0227,2.1074,2.3096,2.5356,2.6674,2.8398,2.8354,3.3952
2021/9/7,2.0302,2.1601,2.3146,2.5608,2.6901,2.8623,2.8604,3.4126
2021/9/8,2.0864,2.22,2.3246,2.5659,2.7005,2.8699,2.8705,3.4176
2021/9/9,2.0743,2.2258,2.3531,2.5713,2.7005,2.8724,2.873,3.4227
2021/9/10,2.0528,2.245,2.3666,2.5715,2.7059,2.8673,2.8656,3.4177
2021/9/13,2.0633,2.2627,2.3822,2.5818,2.7424,2.8899,2.8908,3.4313
2021/9/14,2.0965,2.2943,2.404,2.5869,2.7372,2.8825,2.8858,3.4304
2021/9/15,2.0919,2.2958,2.4028,2.6126,2.7572,2.8975,2.9009,3.4354
2021/9/16,2.1019,2.3002,2.4025,2.6,2.7422,2.878,2.8885,3.428
2021/9/17,2.0916,2.3049,2.3978,2.5829,2.7328,2.8698,2.8785,3.4278
2021/9/18,2.078,2.2913,2.3912,2.5844,2.7226,2.8625,2.8717,3.4234
2021/9/22,1.984,2.2848,2.3325,2.5632,2.7139,2.8497,2.8639,3.416
2021/9/23,1.9926,2.2917,2.3385,2.5534,2.7041,2.8412,2.8565,3.4121
2021/9/24,2.0335,2.2935,2.3828,2.5426,2.7206,2.8521,2.8719,3.4185
2021/9/26,2.0309,2.2877,2.3686,2.5413,2.716,2.858,2.8797,3.4237
2021/9/27,2.0098,2.2919,2.3997,2.5434,2.7213,2.8588,2.8825,3.4209
2021/9/28,2.0167,2.2915,2.3741,2.5453,2.7268,2.8607,2.8769,3.4239
2021/9/29,1.9946,2.2919,2.3571,2.5248,2.7071,2.8465,2.8646,3.4112
2021/9/30,1.9562,2.1998,2.3327,2.5122,2.7134,2.854,2.8776,3.4237
2021/10/8,1.8119,2.2006,2.344,2.5453,2.7429,2.8894,2.9131,3.4414
2021/10/9,1.8233,2.2226,2.3252,2.5421,2.7485,2.8911,2.9186,3.4465
2021/10/11,1.8405,2.2301,2.349,2.5838,2.7895,2.9379,2.958,3.4815
2021/10/12,1.8239,2.2305,2.3467,2.5986,2.7994,2.9438,2.9657,3.4967
2021/10/13,1.829,2.2435,2.3401,2.6284,2.8005,2.9412,2.9578,3.4997
2021/10/14,1.8258,2.2535,2.3325,2.6406,2.805,2.938,2.9581,3.5046
2021/10/15,1.835,2.2585,2.3361,2.6459,2.8155,2.9464,2.9683,3.5265
2021/10/18,1.8563,2.2935,2.3727,2.7337,2.8908,3.05,3.0426,3.5958
2021/10/19,1.9045,2.2702,2.3771,2.7126,2.8763,3.025,3.0102,3.54
2021/10/20,2.1286,2.2448,2.3819,2.6869,2.8625,3.0175,2.9978,3.5251
2021/10/21,2.1934,2.2701,2.3574,2.6525,2.8359,2.99,2.9702,3.5101
2021/10/22,2.2305,2.27,2.3475,2.6556,2.8496,3.0075,2.9953,3.5277
2021/10/25,2.2105,2.27,2.3438,2.6617,2.8526,3.0125,2.9879,3.5329
2021/10/26,2.2216,2.26,2.3425,2.6625,2.8396,3.0125,2.978,3.5253
2021/10/27,2.228,2.33,2.3375,2.6742,2.847,3.015,2.9781,3.5228
2021/10/28,2.2413,2.34,2.3375,2.6718,2.8365,3,2.9682,3.5029
2021/10/29,2.2516,2.3597,2.31,2.6857,2.8438,3.0075,2.9732,3.498
2021/11/1,2.2408,2.3494,2.3151,2.6684,2.8134,2.9775,2.9435,3.4606
2021/11/2,2.2421,2.3392,2.3051,2.6436,2.7831,2.95,2.9259,3.443
2021/11/3,2.3024,2.3293,2.3001,2.6568,2.7986,2.9575,2.9385,3.4556
2021/11/4,2.3024,2.3097,2.3002,2.6382,2.7759,2.9375,2.9261,3.4407
2021/11/5,2.2974,2.3091,2.2852,2.6111,2.7299,2.905,2.8911,3.4107
2021/11/8,2.2874,2.3085,2.2804,2.6206,2.741,2.9199,2.9013,3.4208
2021/11/9,2.2614,2.35,2.2905,2.623,2.749,2.9199,2.8988,3.4209
2021/11/10,2.274,2.3499,2.2906,2.6248,2.7547,2.9299,2.9139,3.4309
2021/11/11,2.2726,2.3398,2.2907,2.6424,2.7698,2.9425,2.9365,3.4559
2021/11/12,2.2792,2.3396,2.2759,2.6373,2.7705,2.94,2.9391,3.4535
2021/11/15,2.2672,2.3291,2.2737,2.6129,2.757,2.9225,2.9269,3.4336
2021/11/16,2.2698,2.2994,2.2688,2.6057,2.7499,2.92,2.9244,3.4336
2021/11/17,2.3,2.2996,2.2814,2.6118,2.7551,2.9225,2.9295,3.4386
2021/11/18,2.2859,2.2992,2.2716,2.607,2.7442,2.903,2.9146,3.4237
2021/11/19,2.2656,2.2988,2.2618,2.6149,2.7608,2.925,2.9302,3.4312
2021/11/22,2.2486,2.2977,2.2523,2.5981,2.7443,2.9124,2.8876,3.4188
2021/11/23,2.2802,2.2832,2.25,2.6067,2.7464,2.9124,2.8875,3.4239
2021/11/24,2.2725,2.2725,2.2426,2.5768,2.714,2.8874,2.86,3.3964
2021/11/25,2.275,2.275,2.2477,2.5794,2.7087,2.8854,2.855,3.399
2021/11/26,2.2606,2.265,2.2427,2.5549,2.6781,2.8524,2.82,3.3716
2021/11/29,2.28,2.2844,2.246,2.5703,2.6854,2.8573,2.825,3.3717
2021/11/30,2.2822,2.2934,2.2463,2.5864,2.692,2.8598,2.825,3.3727
2021/12/1,2.28,2.28,2.2443,2.5999,2.7129,2.8748,2.8401,3.3817
2021/12/2,2.285,2.285,2.2446,2.6148,2.7444,2.8898,2.8601,3.3943
2021/12/3,2.285,2.285,2.255,2.624,2.7573,2.8998,2.8701,3.3968
2021/12/6,2.2602,2.2691,2.2452,2.5842,2.7015,2.8498,2.8176,3.3595
2021/12/7,2.29,2.2697,2.251,2.603,2.7301,2.8773,2.8451,3.372
2021/12/8,2.315,2.335,2.2658,2.6136,2.74,2.8848,2.8551,3.3795
2021/12/9,2.3154,2.3497,2.2767,2.6113,2.7325,2.8798,2.8526,3.3771
2021/12/10,2.3201,2.3545,2.2767,2.5956,2.7236,2.8723,2.8426,3.3747
2021/12/13,2.3203,2.3544,2.3015,2.5877,2.7232,2.8823,2.8552,3.3797
2021/12/14,2.3152,2.3591,2.298,2.5751,2.7035,2.8723,2.8477,3.3773
2021/12/15,2.3201,2.364,2.3101,2.5686,2.7023,2.8748,2.8502,3.3844
2021/12/16,2.3253,2.3515,2.3108,2.5733,2.7076,2.8798,2.8577,3.3899
2021/12/17,2.3321,2.3444,2.3209,2.5726,2.7163,2.8822,2.8512,3.3899
2021/12/20,2.3406,2.3693,2.3572,2.5918,2.7276,2.8797,2.8533,3.3826
2021/12/21,2.3714,2.399,2.3828,2.5893,2.722,2.8723,2.8508,3.3801
2021/12/22,2.3817,2.3982,2.3657,2.5755,2.7024,2.8547,2.8303,3.3728
2021/12/23,2.35,2.3492,2.3336,2.5463,2.6755,2.8397,2.8143,3.3648
2021/12/24,2.3278,2.3592,2.3386,2.5596,2.6855,2.8497,2.8203,3.3654
2021/12/27,2.321,2.3588,2.3541,2.5445,2.6713,2.8347,2.8128,3.348
2021/12/28,2.3213,2.358,2.3444,2.5308,2.6565,2.8222,2.8004,3.3331
2021/12/29,2.2801,2.33,2.3353,2.5066,2.6272,2.8023,2.7854,3.3156
2021/12/30,2.2101,2.28,2.2936,2.4614,2.6026,2.7773,2.7654,3.3108
2021/12/31,2.0006,2.1563,2.2429,2.4584,2.6092,2.7824,2.7754,3.3283
2022/1/4,2.0722,2.171,2.2529,2.4438,2.6127,2.785,2.7855,3.3345
2022/1/5,2.0704,2.1637,2.2284,2.449,2.6423,2.8008,2.8045,3.346
2022/1/6,2.0413,2.1663,2.2303,2.4812,2.6585,2.818,2.8205,3.361
2022/1/7,2.0476,2.1549,2.2295,2.4734,2.6544,2.8155,2.8181,3.3636
2022/1/10,2.0517,2.14,2.2143,2.4513,2.6281,2.8011,2.8056,3.3537
2022/1/11,2.0046,2.113,2.1957,2.4229,2.6096,2.7852,2.7957,3.3413
2022/1/12,2.004,2.114,2.1898,2.4231,2.6104,2.7872,2.7957,3.3312
2022/1/13,2.0254,2.1221,2.1812,2.4266,2.6026,2.7733,2.7858,3.3238
2022/1/14,2.0258,2.1154,2.1721,2.4298,2.6125,2.775,2.7935,3.3268
2022/1/17,2.0201,2.1074,2.1566,2.4162,2.5922,2.7696,2.786,3.3314
2022/1/18,1.98,2.0638,2.0501,2.3542,2.4895,2.7092,2.7415,3.2991
2022/1/19,1.9319,1.9856,2.0401,2.332,2.4895,2.7032,2.7314,3.3003
2022/1/20,1.9216,1.9753,2.0204,2.3038,2.4745,2.6847,2.7271,3.2944
2022/1/21,1.875,1.89,2.0018,2.2614,2.4295,2.6596,2.71,3.282
2022/1/24,1.8002,1.8643,1.9502,2.2188,2.3527,2.6213,2.6751,3.2598
2022/1/25,1.8017,1.8503,1.9656,2.261,2.4006,2.6435,2.6979,3.2774
2022/1/26,1.7724,1.8818,1.9807,2.2653,2.4188,2.673,2.7146,3.2861
2022/1/27,1.7967,1.8938,1.9936,2.2815,2.4215,2.6893,2.7348,3.2997
2022/1/28,1.7876,1.8941,1.9507,2.2415,2.3815,2.6587,2.7021,3.2751
2022/1/29,1.7876,1.8941,1.9512,2.2327,2.3682,2.6521,2.7013,3.275
2022/1/30,1.7756,1.8882,1.9514,2.2318,2.3634,2.6555,2.6997,3.2718
2022/2/7,1.6644,1.8225,1.9472,2.2697,2.4142,2.6769,2.7256,3.2879
2022/2/8,1.6529,1.8268,1.9049,2.278,2.4193,2.6801,2.7227,3.2905
2022/2/9,1.6608,1.8254,1.9001,2.299,2.4345,2.6902,2.7328,3.298
2022/2/10,1.6198,1.8054,1.8837,2.2965,2.4318,2.6903,2.7328,3.2955
2022/2/11,1.5933,1.7991,1.9192,2.3465,2.5001,2.7605,2.7891,3.3431
2022/2/14,1.582,1.7935,1.9017,2.359,2.5214,2.784,2.8018,3.3557
2022/2/15,1.6052,1.7821,1.8847,2.3472,2.5169,2.7791,2.7968,3.3532
2022/2/16,1.7065,1.89,1.9279,2.3281,2.497,2.7626,2.7892,3.3458
2022/2/17,1.7528,1.92,1.9095,2.3013,2.4799,2.7493,2.7799,3.341
2022/2/18,1.8269,1.94,1.9781,2.3088,2.5086,2.7669,2.7975,3.3507
2022/2/21,1.8256,1.96,2.0326,2.3408,2.5701,2.8175,2.83,3.3896
2022/2/22,1.8689,1.9682,2.1162,2.3561,2.6007,2.8164,2.82,3.3871
2022/2/23,1.9322,1.9613,2.0935,2.3486,2.5608,2.7865,2.79,3.3706
2022/2/24,1.9574,1.9862,2.0948,2.3386,2.5561,2.7875,2.7875,3.3754
2022/2/25,1.9334,1.98,2.0242,2.295,2.5274,2.7662,2.775,3.3611
2022/2/28,1.9,2,2.0442,2.293,2.5105,2.7697,2.775,3.3539
2022/3/1,1.8962,2.0028,2.0537,2.303,2.5419,2.7973,2.8025,3.3713
2022/3/2,1.9139,2.0137,2.0867,2.3156,2.5651,2.8088,2.8175,3.3762
2022/3/3,1.9103,2.0448,2.1167,2.3407,2.5958,2.8283,2.83,3.3912
2022/3/4,1.8864,2.0356,2.1074,2.3309,2.5705,2.8108,2.8125,3.3813
2022/3/7,1.8013,2.0018,2.0849,2.3312,2.5546,2.8038,2.8126,3.3813
2022/3/8,1.7446,1.9725,2.0687,2.3017,2.5422,2.8103,2.8276,3.3862
2022/3/9,1.8902,2.034,2.115,2.3165,2.568,2.8254,2.8426,3.4011
2022/3/10,1.9004,2.0453,2.115,2.3265,2.5888,2.8329,2.8502,3.4111
2022/3/11,1.9006,2.0353,2.0863,2.3227,2.5153,2.7696,2.7902,3.3714
2022/3/14,1.8053,1.9573,2.0725,2.2816,2.4809,2.7471,2.7677,3.3564
2022/3/15,1.9276,1.9976,2.1275,2.3329,2.569,2.8023,2.8177,3.3941
2022/3/16,2.02,2.02,2.1431,2.3521,2.5549,2.7849,2.7952,3.3793
2022/3/17,2.03,2.03,2.1368,2.3608,2.547,2.7825,2.7876,3.3819
2022/3/18,1.99,1.99,2.1106,2.3393,2.5382,2.7842,2.7927,3.3843
2022/3/21,2.0019,2.0097,2.15,2.3847,2.5735,2.8059,2.8127,3.3894
2022/3/22,2.0101,2.0179,2.1649,2.4421,2.6046,2.8267,2.8302,3.3994
2022/3/23,2.0506,2.0584,2.168,2.4582,2.6062,2.8234,2.8302,3.3949
2022/3/24,2.0639,2.1316,2.1704,2.4433,2.5861,2.8001,2.8052,3.3801
2022/3/25,2.0406,2.1305,2.1632,2.4309,2.5756,2.825,2.7972,3.3747
2022/3/28,2.0157,2.1302,2.1595,2.439,2.5837,2.82,2.7903,3.3674
2022/3/29,2.0109,2.0649,2.1582,2.4414,2.5864,2.82,2.7853,3.365
2022/3/30,1.9502,2.0737,2.1545,2.4302,2.5662,2.805,2.7703,3.3549
2022/3/31,1.9112,2.0419,2.1299,2.4151,2.5733,2.815,2.7878,3.366
2022/4/1,1.8842,2.0161,2.1052,2.3807,2.5495,2.7925,2.7743,3.3602
2022/4/2,1.8882,2.0158,2.1006,2.376,2.5342,2.79,2.7714,3.3591
2022/4/6,1.8538,2.0154,2.0832,2.3561,2.5209,2.775,2.7604,3.3505
2022/4/7,1.8333,2.019,2.06,2.3446,2.5086,2.755,2.7394,3.3426
2022/4/8,1.8073,2.018,2.0669,2.3541,2.524,2.77,2.7529,3.3449
2022/4/11,1.8148,2.0311,2.0757,2.3874,2.552,2.785,2.768,3.3471
2022/4/12,1.9043,2.0097,2.0729,2.4033,2.5671,2.7925,2.7705,3.3469
2022/4/13,1.9257,2.0013,2.0521,2.3894,2.5526,2.7825,2.7631,3.3446
2022/4/14,1.9061,1.961,2.0264,2.3701,2.5441,2.78,2.7656,3.3467
2022/4/15,1.8704,1.9422,1.9918,2.3454,2.5226,2.77,2.7578,3.3442
2022/4/18,1.8631,1.9563,2.0143,2.3851,2.5798,2.815,2.8107,3.3682
2022/4/19,1.8281,1.9592,2.0184,2.3938,2.5635,2.825,2.8208,3.3302
2022/4/20,1.8585,1.9654,2.0136,2.4088,2.5862,2.845,2.833,3.3202
2022/4/21,1.861,1.9528,1.9825,2.3989,2.5788,2.845,2.8259,3.3052
2022/4/22,1.8815,1.9493,1.9542,2.4202,2.6018,2.86,2.8409,3.3077
2022/4/24,1.8744,1.93,1.9523,2.4201,2.6023,2.8549,2.8335,3.3003
2022/4/25,1.8801,1.8956,1.9282,2.3965,2.5776,2.8349,2.816,3.2953
